{
"type": "FeatureCollection",
"name": "Mapas flash actualizado con buffer",
"crs": { "type": "name", "properties": { "name": "urn:ogc:def:crs:OGC:1.3:CRS84" } },
"features": [
{ "type": "Feature", "properties": { "id": null, "Name": "Polígono 1", "descriptio": null, "timestamp": null, "begin": null, "end": null, "altitudeMo": null, "tessellate": -1, "extrude": 0, "visibility": -1, "drawOrder": null, "icon": null, "layer": "Zonas Flash — 1 A", "path": "C:/Users/User/Downloads/Zonas Flash.kml|layername=1 A|geometrytype=Polygon25D|uniqueGeometryType=yes" }, "geometry": { "type": "MultiPolygon", "coordinates": [ [ [ [ -58.393924814260849, -34.599784364774543 ], [ -58.393917471946438, -34.599455589500124 ], [ -58.393803878149377, -34.599146973978932 ], [ -58.393596317708337, -34.598891894081717 ], [ -58.393317237681146, -34.598717935957247 ], [ -58.392996819760796, -34.598643912670568 ], [ -58.382182819760793, -34.597974112670563 ], [ -58.38189242258759, -34.597998674259948 ], [ -58.381621439360302, -34.598105921079984 ], [ -58.381392885711421, -34.59828674425178 ], [ -58.381226173568528, -34.598525785778065 ], [ -58.381135462425746, -34.598802742956082 ], [ -58.380733062425747, -34.601143042956082 ], [ -58.380723806726579, -34.60141441341009 ], [ -58.380954506726582, -34.603666313410095 ], [ -58.381048039657969, -34.603997677966078 ], [ -58.38124841779441, -34.604277677038667 ], [ -58.381531886131846, -34.60447311649191 ], [ -58.381864839249928, -34.604560826806996 ], [ -58.392206539249926, -34.605437426806994 ], [ -58.392510838701412, -34.605416536234777 ], [ -58.392794685553355, -34.60530488706631 ], [ -58.393031672235338, -34.60511286653422 ], [ -58.393199750792775, -34.604858339186556 ], [ -58.393283284108989, -34.604564984866215 ], [ -58.393588134402933, -34.60212518627192 ], [ -58.393924814260849, -34.599784364774543 ] ] ] ] } },
{ "type": "Feature", "properties": { "id": null, "Name": "Polígono 1", "descriptio": null, "timestamp": null, "begin": null, "end": null, "altitudeMo": null, "tessellate": -1, "extrude": 0, "visibility": -1, "drawOrder": null, "icon": null, "layer": "Zonas Flash — 1 A", "path": "C:/Users/User/Downloads/Zonas Flash.kml|layername=1 A|geometrytype=Polygon25D|uniqueGeometryType=yes" }, "geometry": { "type": "MultiPolygon", "coordinates": [ [ [ [ -58.393924814260849, -34.599784364774543 ], [ -58.393917471946438, -34.599455589500124 ], [ -58.393803878149377, -34.599146973978932 ], [ -58.393596317708337, -34.598891894081717 ], [ -58.393317237681146, -34.598717935957247 ], [ -58.392996819760796, -34.598643912670568 ], [ -58.382182819760793, -34.597974112670563 ], [ -58.38189242258759, -34.597998674259948 ], [ -58.381621439360302, -34.598105921079984 ], [ -58.381392885711421, -34.59828674425178 ], [ -58.381226173568528, -34.598525785778065 ], [ -58.381135462425746, -34.598802742956082 ], [ -58.380733062425747, -34.601143042956082 ], [ -58.380723806726579, -34.60141441341009 ], [ -58.380954506726582, -34.603666313410095 ], [ -58.381048039657969, -34.603997677966078 ], [ -58.38124841779441, -34.604277677038667 ], [ -58.381531886131846, -34.60447311649191 ], [ -58.381864839249928, -34.604560826806996 ], [ -58.392206539249926, -34.605437426806994 ], [ -58.392510838701412, -34.605416536234777 ], [ -58.392794685553355, -34.60530488706631 ], [ -58.393031672235338, -34.60511286653422 ], [ -58.393199750792775, -34.604858339186556 ], [ -58.393283284108989, -34.604564984866215 ], [ -58.393588134402933, -34.60212518627192 ], [ -58.393924814260849, -34.599784364774543 ] ] ] ] } },
{ "type": "Feature", "properties": { "id": null, "Name": "Polígono 1", "descriptio": null, "timestamp": null, "begin": null, "end": null, "altitudeMo": null, "tessellate": -1, "extrude": 0, "visibility": -1, "drawOrder": null, "icon": null, "layer": "Zonas Flash — 1 A", "path": "C:/Users/User/Downloads/Zonas Flash.kml|layername=1 A|geometrytype=Polygon25D|uniqueGeometryType=yes" }, "geometry": { "type": "MultiPolygon", "coordinates": [ [ [ [ -58.393924814260849, -34.599784364774543 ], [ -58.393917471946438, -34.599455589500124 ], [ -58.393803878149377, -34.599146973978932 ], [ -58.393596317708337, -34.598891894081717 ], [ -58.393317237681146, -34.598717935957247 ], [ -58.392996819760796, -34.598643912670568 ], [ -58.382182819760793, -34.597974112670563 ], [ -58.38189242258759, -34.597998674259948 ], [ -58.381621439360302, -34.598105921079984 ], [ -58.381392885711421, -34.59828674425178 ], [ -58.381226173568528, -34.598525785778065 ], [ -58.381135462425746, -34.598802742956082 ], [ -58.380733062425747, -34.601143042956082 ], [ -58.380723806726579, -34.60141441341009 ], [ -58.380954506726582, -34.603666313410095 ], [ -58.381048039657969, -34.603997677966078 ], [ -58.38124841779441, -34.604277677038667 ], [ -58.381531886131846, -34.60447311649191 ], [ -58.381864839249928, -34.604560826806996 ], [ -58.392206539249926, -34.605437426806994 ], [ -58.392510838701412, -34.605416536234777 ], [ -58.392794685553355, -34.60530488706631 ], [ -58.393031672235338, -34.60511286653422 ], [ -58.393199750792775, -34.604858339186556 ], [ -58.393283284108989, -34.604564984866215 ], [ -58.393588134402933, -34.60212518627192 ], [ -58.393924814260849, -34.599784364774543 ] ] ] ] } },
{ "type": "Feature", "properties": { "id": null, "Name": "Polígono 1", "descriptio": null, "timestamp": null, "begin": null, "end": null, "altitudeMo": null, "tessellate": -1, "extrude": 0, "visibility": -1, "drawOrder": null, "icon": null, "layer": "Zonas Flash — 1 A", "path": "C:/Users/User/Downloads/Zonas Flash.kml|layername=1 A|geometrytype=Polygon25D|uniqueGeometryType=yes" }, "geometry": { "type": "MultiPolygon", "coordinates": [ [ [ [ -58.393924814260849, -34.599784364774543 ], [ -58.393917471946438, -34.599455589500124 ], [ -58.393803878149377, -34.599146973978932 ], [ -58.393596317708337, -34.598891894081717 ], [ -58.393317237681146, -34.598717935957247 ], [ -58.392996819760796, -34.598643912670568 ], [ -58.382182819760793, -34.597974112670563 ], [ -58.38189242258759, -34.597998674259948 ], [ -58.381621439360302, -34.598105921079984 ], [ -58.381392885711421, -34.59828674425178 ], [ -58.381226173568528, -34.598525785778065 ], [ -58.381135462425746, -34.598802742956082 ], [ -58.380733062425747, -34.601143042956082 ], [ -58.380723806726579, -34.60141441341009 ], [ -58.380954506726582, -34.603666313410095 ], [ -58.381048039657969, -34.603997677966078 ], [ -58.38124841779441, -34.604277677038667 ], [ -58.381531886131846, -34.60447311649191 ], [ -58.381864839249928, -34.604560826806996 ], [ -58.392206539249926, -34.605437426806994 ], [ -58.392510838701412, -34.605416536234777 ], [ -58.392794685553355, -34.60530488706631 ], [ -58.393031672235338, -34.60511286653422 ], [ -58.393199750792775, -34.604858339186556 ], [ -58.393283284108989, -34.604564984866215 ], [ -58.393588134402933, -34.60212518627192 ], [ -58.393924814260849, -34.599784364774543 ] ] ] ] } },
{ "type": "Feature", "properties": { "id": null, "Name": "Polígono 2", "descriptio": null, "timestamp": null, "begin": null, "end": null, "altitudeMo": null, "tessellate": -1, "extrude": 0, "visibility": -1, "drawOrder": null, "icon": null, "layer": "Zonas Flash — 1 A", "path": "C:/Users/User/Downloads/Zonas Flash.kml|layername=1 A|geometrytype=Polygon25D|uniqueGeometryType=yes" }, "geometry": { "type": "MultiPolygon", "coordinates": [ [ [ [ -58.38310653757425, -34.599141657043916 ], [ -58.383107033770933, -34.598805654502975 ], [ -58.38299620877256, -34.598488454607846 ], [ -58.382786574494681, -34.598225868577622 ], [ -58.382501798218293, -34.598047541837786 ], [ -58.382174030602279, -34.597973607112372 ], [ -58.371531030602284, -34.597408407112376 ], [ -58.371221222761328, -34.597440529384983 ], [ -58.370936325583529, -34.597566411618843 ], [ -58.370703977724375, -34.597773841633696 ], [ -58.370546719886001, -34.598042696075701 ], [ -58.369683019885997, -34.600250596075696 ], [ -58.369629674878205, -34.600440219235374 ], [ -58.369237974878203, -34.602648119235376 ], [ -58.3692353436725, -34.602981938128089 ], [ -58.369342734263121, -34.603298022353293 ], [ -58.369548178830406, -34.603561146860223 ], [ -58.369828782225738, -34.603741988533805 ], [ -58.370153273452168, -34.603820394020516 ], [ -58.381590273452169, -34.604615194020518 ], [ -58.381910428032896, -34.604585631661628 ], [ -58.382204653795313, -34.604456001073601 ], [ -58.382442535772455, -34.604239702544767 ], [ -58.382599483417188, -34.603959095478871 ], [ -58.382659272598126, -34.603643187038863 ], [ -58.382716418281916, -34.601410534230446 ], [ -58.38310653757425, -34.599141657043916 ] ] ] ] } },
{ "type": "Feature", "properties": { "id": null, "Name": "Polígono 2", "descriptio": null, "timestamp": null, "begin": null, "end": null, "altitudeMo": null, "tessellate": -1, "extrude": 0, "visibility": -1, "drawOrder": null, "icon": null, "layer": "Zonas Flash — 1 A", "path": "C:/Users/User/Downloads/Zonas Flash.kml|layername=1 A|geometrytype=Polygon25D|uniqueGeometryType=yes" }, "geometry": { "type": "MultiPolygon", "coordinates": [ [ [ [ -58.38310653757425, -34.599141657043916 ], [ -58.383107033770933, -34.598805654502975 ], [ -58.38299620877256, -34.598488454607846 ], [ -58.382786574494681, -34.598225868577622 ], [ -58.382501798218293, -34.598047541837786 ], [ -58.382174030602279, -34.597973607112372 ], [ -58.371531030602284, -34.597408407112376 ], [ -58.371221222761328, -34.597440529384983 ], [ -58.370936325583529, -34.597566411618843 ], [ -58.370703977724375, -34.597773841633696 ], [ -58.370546719886001, -34.598042696075701 ], [ -58.369683019885997, -34.600250596075696 ], [ -58.369629674878205, -34.600440219235374 ], [ -58.369237974878203, -34.602648119235376 ], [ -58.3692353436725, -34.602981938128089 ], [ -58.369342734263121, -34.603298022353293 ], [ -58.369548178830406, -34.603561146860223 ], [ -58.369828782225738, -34.603741988533805 ], [ -58.370153273452168, -34.603820394020516 ], [ -58.381590273452169, -34.604615194020518 ], [ -58.381910428032896, -34.604585631661628 ], [ -58.382204653795313, -34.604456001073601 ], [ -58.382442535772455, -34.604239702544767 ], [ -58.382599483417188, -34.603959095478871 ], [ -58.382659272598126, -34.603643187038863 ], [ -58.382716418281916, -34.601410534230446 ], [ -58.38310653757425, -34.599141657043916 ] ] ] ] } },
{ "type": "Feature", "properties": { "id": null, "Name": "Polígono 3", "descriptio": null, "timestamp": null, "begin": null, "end": null, "altitudeMo": null, "tessellate": -1, "extrude": 0, "visibility": -1, "drawOrder": null, "icon": null, "layer": "Zonas Flash — 1 A", "path": "C:/Users/User/Downloads/Zonas Flash.kml|layername=1 A|geometrytype=Polygon25D|uniqueGeometryType=yes" }, "geometry": { "type": "MultiPolygon", "coordinates": [ [ [ [ -58.381645450690549, -34.59972382529326 ], [ -58.3819485038333, -34.599691390114785 ], [ -58.382227710923161, -34.599569174530252 ], [ -58.382457135506669, -34.599368531542297 ], [ -58.382615465589041, -34.599108099529772 ], [ -58.382687993374667, -34.598812070868242 ], [ -58.382881193374665, -34.59660417086824 ], [ -58.382884074985178, -34.596560002022969 ], [ -58.382937674985179, -34.595314702022968 ], [ -58.382901914962638, -34.595003326598267 ], [ -58.382771525202983, -34.5947183144145 ], [ -58.382559314340106, -34.594487663197299 ], [ -58.382286128575871, -34.594334030607861 ], [ -58.381978803886099, -34.594272508503067 ], [ -58.381538903886103, -34.594254808503067 ], [ -58.381531998063444, -34.594254554534267 ], [ -58.380006090326283, -34.594203716570235 ], [ -58.378672455286669, -34.593992599122039 ], [ -58.378430557898142, -34.593983965443336 ], [ -58.378193672326155, -34.594033705897374 ], [ -58.376949172326157, -34.594457605897368 ], [ -58.376651607221355, -34.594619592483831 ], [ -58.375969834334029, -34.595158325873591 ], [ -58.375955742443438, -34.595154634998202 ], [ -58.375469456487998, -34.594141338586248 ], [ -58.375316601634736, -34.593911092870655 ], [ -58.374479801634735, -34.592965992870653 ], [ -58.374228664662645, -34.592761473111736 ], [ -58.373925334097578, -34.592647944794429 ], [ -58.373601628742662, -34.592637316824707 ], [ -58.373291504678015, -34.592730704056514 ], [ -58.373027493332046, -34.592918310345688 ], [ -58.372837288996109, -34.593180456146968 ], [ -58.370519788996106, -34.597799556146967 ], [ -58.370422490963833, -34.59811494783569 ], [ -58.370433163184806, -34.598444834070776 ], [ -58.370550643039827, -34.598753277433588 ], [ -58.370762132411599, -34.599006676466793 ], [ -58.371044591896585, -34.599177426177604 ], [ -58.371367250690547, -34.599246925293258 ], [ -58.381645450690549, -34.59972382529326 ] ] ] ] } },
{ "type": "Feature", "properties": { "id": null, "Name": "Polígono 4", "descriptio": null, "timestamp": null, "begin": null, "end": null, "altitudeMo": null, "tessellate": -1, "extrude": 0, "visibility": -1, "drawOrder": null, "icon": null, "layer": "Zonas Flash — 1 A", "path": "C:/Users/User/Downloads/Zonas Flash.kml|layername=1 A|geometrytype=Polygon25D|uniqueGeometryType=yes" }, "geometry": { "type": "MultiPolygon", "coordinates": [ [ [ [ -58.387105877740424, -34.596731479612465 ], [ -58.387394671123907, -34.596705315692489 ], [ -58.387663815997762, -34.596597393470823 ], [ -58.387890681000627, -34.596416787713643 ], [ -58.388056189923518, -34.596178684867176 ], [ -58.388146425755167, -34.595903106087626 ], [ -58.388861425755167, -34.591761106087624 ], [ -58.388865352383469, -34.591445460104019 ], [ -58.38877069221801, -34.59114431685164 ], [ -58.38858687793654, -34.590887684594698 ], [ -58.38449487793654, -34.586751684594695 ], [ -58.38421487355734, -34.586552587689809 ], [ -58.383884007988797, -34.58646001336583 ], [ -58.383541337274252, -34.586484889283874 ], [ -58.383227310960436, -34.586624279040088 ], [ -58.380829110960434, -34.588231379040089 ], [ -58.380612975286816, -34.588427480458314 ], [ -58.380462661399775, -34.588677632673978 ], [ -58.380390971592547, -34.58896053012392 ], [ -58.380404011714376, -34.589252078320385 ], [ -58.38117375234485, -34.593230018184428 ], [ -58.381462462602549, -34.594995533308889 ], [ -58.381486876406626, -34.595521285931078 ], [ -58.381543129165607, -34.59580862398473 ], [ -58.381680194766787, -34.596067352705475 ], [ -58.381886322914745, -34.596275291919156 ], [ -58.382143842752491, -34.596414615510611 ], [ -58.382430677740423, -34.596473379612462 ], [ -58.387105877740424, -34.596731479612465 ] ] ] ] } },
{ "type": "Feature", "properties": { "id": null, "Name": "Polígono 4", "descriptio": null, "timestamp": null, "begin": null, "end": null, "altitudeMo": null, "tessellate": -1, "extrude": 0, "visibility": -1, "drawOrder": null, "icon": null, "layer": "Zonas Flash — 1 A", "path": "C:/Users/User/Downloads/Zonas Flash.kml|layername=1 A|geometrytype=Polygon25D|uniqueGeometryType=yes" }, "geometry": { "type": "MultiPolygon", "coordinates": [ [ [ [ -58.387105877740424, -34.596731479612465 ], [ -58.387394671123907, -34.596705315692489 ], [ -58.387663815997762, -34.596597393470823 ], [ -58.387890681000627, -34.596416787713643 ], [ -58.388056189923518, -34.596178684867176 ], [ -58.388146425755167, -34.595903106087626 ], [ -58.388861425755167, -34.591761106087624 ], [ -58.388865352383469, -34.591445460104019 ], [ -58.38877069221801, -34.59114431685164 ], [ -58.38858687793654, -34.590887684594698 ], [ -58.38449487793654, -34.586751684594695 ], [ -58.38421487355734, -34.586552587689809 ], [ -58.383884007988797, -34.58646001336583 ], [ -58.383541337274252, -34.586484889283874 ], [ -58.383227310960436, -34.586624279040088 ], [ -58.380829110960434, -34.588231379040089 ], [ -58.380612975286816, -34.588427480458314 ], [ -58.380462661399775, -34.588677632673978 ], [ -58.380390971592547, -34.58896053012392 ], [ -58.380404011714376, -34.589252078320385 ], [ -58.38117375234485, -34.593230018184428 ], [ -58.381462462602549, -34.594995533308889 ], [ -58.381486876406626, -34.595521285931078 ], [ -58.381543129165607, -34.59580862398473 ], [ -58.381680194766787, -34.596067352705475 ], [ -58.381886322914745, -34.596275291919156 ], [ -58.382143842752491, -34.596414615510611 ], [ -58.382430677740423, -34.596473379612462 ], [ -58.387105877740424, -34.596731479612465 ] ] ] ] } },
{ "type": "Feature", "properties": { "id": null, "Name": "Polígono 5", "descriptio": null, "timestamp": null, "begin": null, "end": null, "altitudeMo": null, "tessellate": -1, "extrude": 0, "visibility": -1, "drawOrder": null, "icon": null, "layer": "Zonas Flash — 1 A", "path": "C:/Users/User/Downloads/Zonas Flash.kml|layername=1 A|geometrytype=Polygon25D|uniqueGeometryType=yes" }, "geometry": { "type": "MultiPolygon", "coordinates": [ [ [ [ -58.382057133876209, -34.588861321043218 ], [ -58.381934386227115, -34.588568985024658 ], [ -58.381726292256772, -34.588329769154335 ], [ -58.381453771097043, -34.588167721165746 ], [ -58.38114421857334, -34.588099131311004 ], [ -58.380828753175315, -34.588130894745291 ], [ -58.380539087798134, -34.588259818375271 ], [ -58.375510434052529, -34.591539755302115 ], [ -58.375448486086569, -34.591519035685828 ], [ -58.375118930823476, -34.591521772762093 ], [ -58.374808162462713, -34.591631486885944 ], [ -58.373984762462712, -34.592086586885941 ], [ -58.373958572840081, -34.592101582416142 ], [ -58.373145972840085, -34.592583282416143 ], [ -58.372886433962776, -34.592804812269137 ], [ -58.372716488559568, -34.593100708305833 ], [ -58.372655924377227, -34.593436517603536 ], [ -58.372711793261111, -34.593773139902886 ], [ -58.372877590067169, -34.594071380281946 ], [ -58.373716623504784, -34.595111432147327 ], [ -58.374352943512001, -34.596437361413756 ], [ -58.374513680648526, -34.59667640431627 ], [ -58.374735889446008, -34.596859710580809 ], [ -58.375001131477006, -34.596972069831843 ], [ -58.375945331477013, -34.597219369831841 ], [ -58.376250813667774, -34.59725064115959 ], [ -58.376551381682198, -34.597187743357466 ], [ -58.376818692778649, -34.597036607516166 ], [ -58.377756731642179, -34.596295374084804 ], [ -58.378640940171266, -34.595994196105316 ], [ -58.381501428199208, -34.596232935223433 ], [ -58.381817954544026, -34.596208791719818 ], [ -58.382110965323065, -34.596086658517549 ], [ -58.382350933302234, -34.595878843203621 ], [ -58.382513676467759, -34.595606287708705 ], [ -58.382582794892087, -34.595296457950376 ], [ -58.382644515998685, -34.594270620522472 ], [ -58.382890172327919, -34.592599104252855 ], [ -58.382872533876203, -34.592217621043218 ], [ -58.382057133876209, -34.588861321043218 ] ] ] ] } },
{ "type": "Feature", "properties": { "id": null, "Name": "Polígono 1", "descriptio": null, "timestamp": null, "begin": null, "end": null, "altitudeMo": null, "tessellate": -1, "extrude": 0, "visibility": -1, "drawOrder": null, "icon": null, "layer": "Zonas Flash — 12", "path": "C:/Users/User/Downloads/Zonas Flash.kml|layername=12|geometrytype=Polygon25D|uniqueGeometryType=yes" }, "geometry": { "type": "MultiPolygon", "coordinates": [ [ [ [ -58.515481832150179, -34.582206090200366 ], [ -58.515646003176862, -34.581959804807063 ], [ -58.515730888123258, -34.581676250285263 ], [ -58.515729050336276, -34.58138026845559 ], [ -58.515640650821894, -34.581097789877965 ], [ -58.510027450821894, -34.569531589877961 ], [ -58.509859476816217, -34.569286548302564 ], [ -58.509626924546275, -34.569101669742416 ], [ -58.509350319224303, -34.5689932716976 ], [ -58.509054074213132, -34.568970921448965 ], [ -58.508764336287115, -34.569036591643759 ], [ -58.507337436287116, -34.569593291643763 ], [ -58.507125666799034, -34.56970691053521 ], [ -58.504649851391818, -34.571447973572077 ], [ -58.502586790769776, -34.572724282997662 ], [ -58.502550284278627, -34.572747981456565 ], [ -58.50104148427863, -34.573774781456564 ], [ -58.500977680512001, -34.573822013871158 ], [ -58.498310300719112, -34.57596560388815 ], [ -58.495147431310073, -34.578315243891325 ], [ -58.487178606827065, -34.573186410488624 ], [ -58.487122464728728, -34.57315282175044 ], [ -58.473855064728731, -34.565793521750443 ], [ -58.473524942774688, -34.565680076553285 ], [ -58.473175940994395, -34.565687010141573 ], [ -58.472850585365499, -34.565813477655375 ], [ -58.472588520574632, -34.566044068988006 ], [ -58.467507520574628, -34.572408068988004 ], [ -58.467343668793106, -34.572705888195131 ], [ -58.467289044064131, -34.573041387562384 ], [ -58.467349957930274, -34.573375802256074 ], [ -58.46751937217887, -34.573670492769686 ], [ -58.467777712063111, -34.573891409474925 ], [ -58.502960712063114, -34.594822809474927 ], [ -58.503279278425566, -34.594944653481392 ], [ -58.503620264183049, -34.594952347790347 ], [ -58.50394400229559, -34.594844997319051 ], [ -58.504212832150181, -34.594635090200363 ], [ -58.515481832150179, -34.582206090200366 ] ] ] ] } },
{ "type": "Feature", "properties": { "id": null, "Name": "Polígono 1", "descriptio": null, "timestamp": null, "begin": null, "end": null, "altitudeMo": null, "tessellate": -1, "extrude": 0, "visibility": -1, "drawOrder": null, "icon": null, "layer": "Zonas Flash — 12", "path": "C:/Users/User/Downloads/Zonas Flash.kml|layername=12|geometrytype=Polygon25D|uniqueGeometryType=yes" }, "geometry": { "type": "MultiPolygon", "coordinates": [ [ [ [ -58.515481832150179, -34.582206090200366 ], [ -58.515646003176862, -34.581959804807063 ], [ -58.515730888123258, -34.581676250285263 ], [ -58.515729050336276, -34.58138026845559 ], [ -58.515640650821894, -34.581097789877965 ], [ -58.510027450821894, -34.569531589877961 ], [ -58.509859476816217, -34.569286548302564 ], [ -58.509626924546275, -34.569101669742416 ], [ -58.509350319224303, -34.5689932716976 ], [ -58.509054074213132, -34.568970921448965 ], [ -58.508764336287115, -34.569036591643759 ], [ -58.507337436287116, -34.569593291643763 ], [ -58.507125666799034, -34.56970691053521 ], [ -58.504649851391818, -34.571447973572077 ], [ -58.502586790769776, -34.572724282997662 ], [ -58.502550284278627, -34.572747981456565 ], [ -58.50104148427863, -34.573774781456564 ], [ -58.500977680512001, -34.573822013871158 ], [ -58.498310300719112, -34.57596560388815 ], [ -58.495147431310073, -34.578315243891325 ], [ -58.487178606827065, -34.573186410488624 ], [ -58.487122464728728, -34.57315282175044 ], [ -58.473855064728731, -34.565793521750443 ], [ -58.473524942774688, -34.565680076553285 ], [ -58.473175940994395, -34.565687010141573 ], [ -58.472850585365499, -34.565813477655375 ], [ -58.472588520574632, -34.566044068988006 ], [ -58.467507520574628, -34.572408068988004 ], [ -58.467343668793106, -34.572705888195131 ], [ -58.467289044064131, -34.573041387562384 ], [ -58.467349957930274, -34.573375802256074 ], [ -58.46751937217887, -34.573670492769686 ], [ -58.467777712063111, -34.573891409474925 ], [ -58.502960712063114, -34.594822809474927 ], [ -58.503279278425566, -34.594944653481392 ], [ -58.503620264183049, -34.594952347790347 ], [ -58.50394400229559, -34.594844997319051 ], [ -58.504212832150181, -34.594635090200363 ], [ -58.515481832150179, -34.582206090200366 ] ] ] ] } },
{ "type": "Feature", "properties": { "id": null, "Name": "Polígono 1", "descriptio": null, "timestamp": null, "begin": null, "end": null, "altitudeMo": null, "tessellate": -1, "extrude": 0, "visibility": -1, "drawOrder": null, "icon": null, "layer": "Zonas Flash — 12", "path": "C:/Users/User/Downloads/Zonas Flash.kml|layername=12|geometrytype=Polygon25D|uniqueGeometryType=yes" }, "geometry": { "type": "MultiPolygon", "coordinates": [ [ [ [ -58.515481832150179, -34.582206090200366 ], [ -58.515646003176862, -34.581959804807063 ], [ -58.515730888123258, -34.581676250285263 ], [ -58.515729050336276, -34.58138026845559 ], [ -58.515640650821894, -34.581097789877965 ], [ -58.510027450821894, -34.569531589877961 ], [ -58.509859476816217, -34.569286548302564 ], [ -58.509626924546275, -34.569101669742416 ], [ -58.509350319224303, -34.5689932716976 ], [ -58.509054074213132, -34.568970921448965 ], [ -58.508764336287115, -34.569036591643759 ], [ -58.507337436287116, -34.569593291643763 ], [ -58.507125666799034, -34.56970691053521 ], [ -58.504649851391818, -34.571447973572077 ], [ -58.502586790769776, -34.572724282997662 ], [ -58.502550284278627, -34.572747981456565 ], [ -58.50104148427863, -34.573774781456564 ], [ -58.500977680512001, -34.573822013871158 ], [ -58.498310300719112, -34.57596560388815 ], [ -58.495147431310073, -34.578315243891325 ], [ -58.487178606827065, -34.573186410488624 ], [ -58.487122464728728, -34.57315282175044 ], [ -58.473855064728731, -34.565793521750443 ], [ -58.473524942774688, -34.565680076553285 ], [ -58.473175940994395, -34.565687010141573 ], [ -58.472850585365499, -34.565813477655375 ], [ -58.472588520574632, -34.566044068988006 ], [ -58.467507520574628, -34.572408068988004 ], [ -58.467343668793106, -34.572705888195131 ], [ -58.467289044064131, -34.573041387562384 ], [ -58.467349957930274, -34.573375802256074 ], [ -58.46751937217887, -34.573670492769686 ], [ -58.467777712063111, -34.573891409474925 ], [ -58.502960712063114, -34.594822809474927 ], [ -58.503279278425566, -34.594944653481392 ], [ -58.503620264183049, -34.594952347790347 ], [ -58.50394400229559, -34.594844997319051 ], [ -58.504212832150181, -34.594635090200363 ], [ -58.515481832150179, -34.582206090200366 ] ] ] ] } },
{ "type": "Feature", "properties": { "id": null, "Name": "Polígono 1", "descriptio": null, "timestamp": null, "begin": null, "end": null, "altitudeMo": null, "tessellate": -1, "extrude": 0, "visibility": -1, "drawOrder": null, "icon": null, "layer": "Zonas Flash — 12", "path": "C:/Users/User/Downloads/Zonas Flash.kml|layername=12|geometrytype=Polygon25D|uniqueGeometryType=yes" }, "geometry": { "type": "MultiPolygon", "coordinates": [ [ [ [ -58.515481832150179, -34.582206090200366 ], [ -58.515646003176862, -34.581959804807063 ], [ -58.515730888123258, -34.581676250285263 ], [ -58.515729050336276, -34.58138026845559 ], [ -58.515640650821894, -34.581097789877965 ], [ -58.510027450821894, -34.569531589877961 ], [ -58.509859476816217, -34.569286548302564 ], [ -58.509626924546275, -34.569101669742416 ], [ -58.509350319224303, -34.5689932716976 ], [ -58.509054074213132, -34.568970921448965 ], [ -58.508764336287115, -34.569036591643759 ], [ -58.507337436287116, -34.569593291643763 ], [ -58.507125666799034, -34.56970691053521 ], [ -58.504649851391818, -34.571447973572077 ], [ -58.502586790769776, -34.572724282997662 ], [ -58.502550284278627, -34.572747981456565 ], [ -58.50104148427863, -34.573774781456564 ], [ -58.500977680512001, -34.573822013871158 ], [ -58.498310300719112, -34.57596560388815 ], [ -58.495147431310073, -34.578315243891325 ], [ -58.487178606827065, -34.573186410488624 ], [ -58.487122464728728, -34.57315282175044 ], [ -58.473855064728731, -34.565793521750443 ], [ -58.473524942774688, -34.565680076553285 ], [ -58.473175940994395, -34.565687010141573 ], [ -58.472850585365499, -34.565813477655375 ], [ -58.472588520574632, -34.566044068988006 ], [ -58.467507520574628, -34.572408068988004 ], [ -58.467343668793106, -34.572705888195131 ], [ -58.467289044064131, -34.573041387562384 ], [ -58.467349957930274, -34.573375802256074 ], [ -58.46751937217887, -34.573670492769686 ], [ -58.467777712063111, -34.573891409474925 ], [ -58.502960712063114, -34.594822809474927 ], [ -58.503279278425566, -34.594944653481392 ], [ -58.503620264183049, -34.594952347790347 ], [ -58.50394400229559, -34.594844997319051 ], [ -58.504212832150181, -34.594635090200363 ], [ -58.515481832150179, -34.582206090200366 ] ] ] ] } },
{ "type": "Feature", "properties": { "id": null, "Name": "Polígono 1", "descriptio": null, "timestamp": null, "begin": null, "end": null, "altitudeMo": null, "tessellate": -1, "extrude": 0, "visibility": -1, "drawOrder": null, "icon": null, "layer": "Zonas Flash — 12", "path": "C:/Users/User/Downloads/Zonas Flash.kml|layername=12|geometrytype=Polygon25D|uniqueGeometryType=yes" }, "geometry": { "type": "MultiPolygon", "coordinates": [ [ [ [ -58.515481832150179, -34.582206090200366 ], [ -58.515646003176862, -34.581959804807063 ], [ -58.515730888123258, -34.581676250285263 ], [ -58.515729050336276, -34.58138026845559 ], [ -58.515640650821894, -34.581097789877965 ], [ -58.510027450821894, -34.569531589877961 ], [ -58.509859476816217, -34.569286548302564 ], [ -58.509626924546275, -34.569101669742416 ], [ -58.509350319224303, -34.5689932716976 ], [ -58.509054074213132, -34.568970921448965 ], [ -58.508764336287115, -34.569036591643759 ], [ -58.507337436287116, -34.569593291643763 ], [ -58.507125666799034, -34.56970691053521 ], [ -58.504649851391818, -34.571447973572077 ], [ -58.502586790769776, -34.572724282997662 ], [ -58.502550284278627, -34.572747981456565 ], [ -58.50104148427863, -34.573774781456564 ], [ -58.500977680512001, -34.573822013871158 ], [ -58.498310300719112, -34.57596560388815 ], [ -58.495147431310073, -34.578315243891325 ], [ -58.487178606827065, -34.573186410488624 ], [ -58.487122464728728, -34.57315282175044 ], [ -58.473855064728731, -34.565793521750443 ], [ -58.473524942774688, -34.565680076553285 ], [ -58.473175940994395, -34.565687010141573 ], [ -58.472850585365499, -34.565813477655375 ], [ -58.472588520574632, -34.566044068988006 ], [ -58.467507520574628, -34.572408068988004 ], [ -58.467343668793106, -34.572705888195131 ], [ -58.467289044064131, -34.573041387562384 ], [ -58.467349957930274, -34.573375802256074 ], [ -58.46751937217887, -34.573670492769686 ], [ -58.467777712063111, -34.573891409474925 ], [ -58.502960712063114, -34.594822809474927 ], [ -58.503279278425566, -34.594944653481392 ], [ -58.503620264183049, -34.594952347790347 ], [ -58.50394400229559, -34.594844997319051 ], [ -58.504212832150181, -34.594635090200363 ], [ -58.515481832150179, -34.582206090200366 ] ] ] ] } },
{ "type": "Feature", "properties": { "id": null, "Name": "Polígono 1", "descriptio": null, "timestamp": null, "begin": null, "end": null, "altitudeMo": null, "tessellate": -1, "extrude": 0, "visibility": -1, "drawOrder": null, "icon": null, "layer": "Zonas Flash — 12", "path": "C:/Users/User/Downloads/Zonas Flash.kml|layername=12|geometrytype=Polygon25D|uniqueGeometryType=yes" }, "geometry": { "type": "MultiPolygon", "coordinates": [ [ [ [ -58.515481832150179, -34.582206090200366 ], [ -58.515646003176862, -34.581959804807063 ], [ -58.515730888123258, -34.581676250285263 ], [ -58.515729050336276, -34.58138026845559 ], [ -58.515640650821894, -34.581097789877965 ], [ -58.510027450821894, -34.569531589877961 ], [ -58.509859476816217, -34.569286548302564 ], [ -58.509626924546275, -34.569101669742416 ], [ -58.509350319224303, -34.5689932716976 ], [ -58.509054074213132, -34.568970921448965 ], [ -58.508764336287115, -34.569036591643759 ], [ -58.507337436287116, -34.569593291643763 ], [ -58.507125666799034, -34.56970691053521 ], [ -58.504649851391818, -34.571447973572077 ], [ -58.502586790769776, -34.572724282997662 ], [ -58.502550284278627, -34.572747981456565 ], [ -58.50104148427863, -34.573774781456564 ], [ -58.500977680512001, -34.573822013871158 ], [ -58.498310300719112, -34.57596560388815 ], [ -58.495147431310073, -34.578315243891325 ], [ -58.487178606827065, -34.573186410488624 ], [ -58.487122464728728, -34.57315282175044 ], [ -58.473855064728731, -34.565793521750443 ], [ -58.473524942774688, -34.565680076553285 ], [ -58.473175940994395, -34.565687010141573 ], [ -58.472850585365499, -34.565813477655375 ], [ -58.472588520574632, -34.566044068988006 ], [ -58.467507520574628, -34.572408068988004 ], [ -58.467343668793106, -34.572705888195131 ], [ -58.467289044064131, -34.573041387562384 ], [ -58.467349957930274, -34.573375802256074 ], [ -58.46751937217887, -34.573670492769686 ], [ -58.467777712063111, -34.573891409474925 ], [ -58.502960712063114, -34.594822809474927 ], [ -58.503279278425566, -34.594944653481392 ], [ -58.503620264183049, -34.594952347790347 ], [ -58.50394400229559, -34.594844997319051 ], [ -58.504212832150181, -34.594635090200363 ], [ -58.515481832150179, -34.582206090200366 ] ] ] ] } },
{ "type": "Feature", "properties": { "id": null, "Name": "Polígono 1", "descriptio": null, "timestamp": null, "begin": null, "end": null, "altitudeMo": null, "tessellate": -1, "extrude": 0, "visibility": -1, "drawOrder": null, "icon": null, "layer": "Zonas Flash — 12", "path": "C:/Users/User/Downloads/Zonas Flash.kml|layername=12|geometrytype=Polygon25D|uniqueGeometryType=yes" }, "geometry": { "type": "MultiPolygon", "coordinates": [ [ [ [ -58.515481832150179, -34.582206090200366 ], [ -58.515646003176862, -34.581959804807063 ], [ -58.515730888123258, -34.581676250285263 ], [ -58.515729050336276, -34.58138026845559 ], [ -58.515640650821894, -34.581097789877965 ], [ -58.510027450821894, -34.569531589877961 ], [ -58.509859476816217, -34.569286548302564 ], [ -58.509626924546275, -34.569101669742416 ], [ -58.509350319224303, -34.5689932716976 ], [ -58.509054074213132, -34.568970921448965 ], [ -58.508764336287115, -34.569036591643759 ], [ -58.507337436287116, -34.569593291643763 ], [ -58.507125666799034, -34.56970691053521 ], [ -58.504649851391818, -34.571447973572077 ], [ -58.502586790769776, -34.572724282997662 ], [ -58.502550284278627, -34.572747981456565 ], [ -58.50104148427863, -34.573774781456564 ], [ -58.500977680512001, -34.573822013871158 ], [ -58.498310300719112, -34.57596560388815 ], [ -58.495147431310073, -34.578315243891325 ], [ -58.487178606827065, -34.573186410488624 ], [ -58.487122464728728, -34.57315282175044 ], [ -58.473855064728731, -34.565793521750443 ], [ -58.473524942774688, -34.565680076553285 ], [ -58.473175940994395, -34.565687010141573 ], [ -58.472850585365499, -34.565813477655375 ], [ -58.472588520574632, -34.566044068988006 ], [ -58.467507520574628, -34.572408068988004 ], [ -58.467343668793106, -34.572705888195131 ], [ -58.467289044064131, -34.573041387562384 ], [ -58.467349957930274, -34.573375802256074 ], [ -58.46751937217887, -34.573670492769686 ], [ -58.467777712063111, -34.573891409474925 ], [ -58.502960712063114, -34.594822809474927 ], [ -58.503279278425566, -34.594944653481392 ], [ -58.503620264183049, -34.594952347790347 ], [ -58.50394400229559, -34.594844997319051 ], [ -58.504212832150181, -34.594635090200363 ], [ -58.515481832150179, -34.582206090200366 ] ] ] ] } },
{ "type": "Feature", "properties": { "id": null, "Name": "Polígono 2", "descriptio": null, "timestamp": null, "begin": null, "end": null, "altitudeMo": null, "tessellate": -1, "extrude": 0, "visibility": -1, "drawOrder": null, "icon": null, "layer": "Zonas Flash — 12", "path": "C:/Users/User/Downloads/Zonas Flash.kml|layername=12|geometrytype=Polygon25D|uniqueGeometryType=yes" }, "geometry": { "type": "MultiPolygon", "coordinates": [ [ [ [ -58.476260895068968, -34.537869675403016 ], [ -58.47593112345438, -34.537783544660101 ], [ -58.475591579401261, -34.537813169964402 ], [ -58.475281707002964, -34.537955109808827 ], [ -58.475037503461301, -34.538192875350695 ], [ -58.467565503461302, -34.548494875350691 ], [ -58.467416381507533, -34.548797306154093 ], [ -58.467376256151972, -34.549132107145411 ], [ -58.467449689717682, -34.54946121086671 ], [ -58.46762833267988, -34.549747197649616 ], [ -58.467891873021507, -34.549957550297044 ], [ -58.472894315031702, -34.5527178882258 ], [ -58.466270198043134, -34.560681513056338 ], [ -58.466119328773999, -34.560928310764005 ], [ -58.466045408989423, -34.561207965033283 ], [ -58.466052174557632, -34.561420237232291 ], [ -58.465881513967645, -34.561542429650324 ], [ -58.465701422852256, -34.561778738632285 ], [ -58.465598711360883, -34.562057530838651 ], [ -58.465582446324206, -34.562354195958569 ], [ -58.465654063534181, -34.562642545954283 ], [ -58.465807240999887, -34.562897126803513 ], [ -58.466028457019625, -34.563095465446757 ], [ -58.471872457019629, -34.566939465446758 ], [ -58.472151191610791, -34.567066633271992 ], [ -58.47245534553069, -34.567103443883163 ], [ -58.472756369484756, -34.567046442065951 ], [ -58.480918369484755, -34.564150642065947 ], [ -58.481191524926302, -34.564002500613064 ], [ -58.481406017891402, -34.563777661663515 ], [ -58.487135217891399, -34.555507561663518 ], [ -58.487136314477809, -34.555505975476152 ], [ -58.49312301447781, -34.546828475476147 ], [ -58.493251440032942, -34.546568124902578 ], [ -58.493299674033807, -34.546281857500439 ], [ -58.493263651533731, -34.54599379861088 ], [ -58.493146408348508, -34.545728224553628 ], [ -58.492957825211413, -34.545507516726921 ], [ -58.492713795068966, -34.54535027540301 ], [ -58.476260895068968, -34.537869675403016 ] ] ] ] } },
{ "type": "Feature", "properties": { "id": null, "Name": "Polígono 2", "descriptio": null, "timestamp": null, "begin": null, "end": null, "altitudeMo": null, "tessellate": -1, "extrude": 0, "visibility": -1, "drawOrder": null, "icon": null, "layer": "Zonas Flash — 12", "path": "C:/Users/User/Downloads/Zonas Flash.kml|layername=12|geometrytype=Polygon25D|uniqueGeometryType=yes" }, "geometry": { "type": "MultiPolygon", "coordinates": [ [ [ [ -58.476260895068968, -34.537869675403016 ], [ -58.47593112345438, -34.537783544660101 ], [ -58.475591579401261, -34.537813169964402 ], [ -58.475281707002964, -34.537955109808827 ], [ -58.475037503461301, -34.538192875350695 ], [ -58.467565503461302, -34.548494875350691 ], [ -58.467416381507533, -34.548797306154093 ], [ -58.467376256151972, -34.549132107145411 ], [ -58.467449689717682, -34.54946121086671 ], [ -58.46762833267988, -34.549747197649616 ], [ -58.467891873021507, -34.549957550297044 ], [ -58.472894315031702, -34.5527178882258 ], [ -58.466270198043134, -34.560681513056338 ], [ -58.466119328773999, -34.560928310764005 ], [ -58.466045408989423, -34.561207965033283 ], [ -58.466052174557632, -34.561420237232291 ], [ -58.465881513967645, -34.561542429650324 ], [ -58.465701422852256, -34.561778738632285 ], [ -58.465598711360883, -34.562057530838651 ], [ -58.465582446324206, -34.562354195958569 ], [ -58.465654063534181, -34.562642545954283 ], [ -58.465807240999887, -34.562897126803513 ], [ -58.466028457019625, -34.563095465446757 ], [ -58.471872457019629, -34.566939465446758 ], [ -58.472151191610791, -34.567066633271992 ], [ -58.47245534553069, -34.567103443883163 ], [ -58.472756369484756, -34.567046442065951 ], [ -58.480918369484755, -34.564150642065947 ], [ -58.481191524926302, -34.564002500613064 ], [ -58.481406017891402, -34.563777661663515 ], [ -58.487135217891399, -34.555507561663518 ], [ -58.487136314477809, -34.555505975476152 ], [ -58.49312301447781, -34.546828475476147 ], [ -58.493251440032942, -34.546568124902578 ], [ -58.493299674033807, -34.546281857500439 ], [ -58.493263651533731, -34.54599379861088 ], [ -58.493146408348508, -34.545728224553628 ], [ -58.492957825211413, -34.545507516726921 ], [ -58.492713795068966, -34.54535027540301 ], [ -58.476260895068968, -34.537869675403016 ] ] ] ] } },
{ "type": "Feature", "properties": { "id": null, "Name": "Polígono 2", "descriptio": null, "timestamp": null, "begin": null, "end": null, "altitudeMo": null, "tessellate": -1, "extrude": 0, "visibility": -1, "drawOrder": null, "icon": null, "layer": "Zonas Flash — 12", "path": "C:/Users/User/Downloads/Zonas Flash.kml|layername=12|geometrytype=Polygon25D|uniqueGeometryType=yes" }, "geometry": { "type": "MultiPolygon", "coordinates": [ [ [ [ -58.476260895068968, -34.537869675403016 ], [ -58.47593112345438, -34.537783544660101 ], [ -58.475591579401261, -34.537813169964402 ], [ -58.475281707002964, -34.537955109808827 ], [ -58.475037503461301, -34.538192875350695 ], [ -58.467565503461302, -34.548494875350691 ], [ -58.467416381507533, -34.548797306154093 ], [ -58.467376256151972, -34.549132107145411 ], [ -58.467449689717682, -34.54946121086671 ], [ -58.46762833267988, -34.549747197649616 ], [ -58.467891873021507, -34.549957550297044 ], [ -58.472894315031702, -34.5527178882258 ], [ -58.466270198043134, -34.560681513056338 ], [ -58.466119328773999, -34.560928310764005 ], [ -58.466045408989423, -34.561207965033283 ], [ -58.466052174557632, -34.561420237232291 ], [ -58.465881513967645, -34.561542429650324 ], [ -58.465701422852256, -34.561778738632285 ], [ -58.465598711360883, -34.562057530838651 ], [ -58.465582446324206, -34.562354195958569 ], [ -58.465654063534181, -34.562642545954283 ], [ -58.465807240999887, -34.562897126803513 ], [ -58.466028457019625, -34.563095465446757 ], [ -58.471872457019629, -34.566939465446758 ], [ -58.472151191610791, -34.567066633271992 ], [ -58.47245534553069, -34.567103443883163 ], [ -58.472756369484756, -34.567046442065951 ], [ -58.480918369484755, -34.564150642065947 ], [ -58.481191524926302, -34.564002500613064 ], [ -58.481406017891402, -34.563777661663515 ], [ -58.487135217891399, -34.555507561663518 ], [ -58.487136314477809, -34.555505975476152 ], [ -58.49312301447781, -34.546828475476147 ], [ -58.493251440032942, -34.546568124902578 ], [ -58.493299674033807, -34.546281857500439 ], [ -58.493263651533731, -34.54599379861088 ], [ -58.493146408348508, -34.545728224553628 ], [ -58.492957825211413, -34.545507516726921 ], [ -58.492713795068966, -34.54535027540301 ], [ -58.476260895068968, -34.537869675403016 ] ] ] ] } },
{ "type": "Feature", "properties": { "id": null, "Name": "Polígono 2", "descriptio": null, "timestamp": null, "begin": null, "end": null, "altitudeMo": null, "tessellate": -1, "extrude": 0, "visibility": -1, "drawOrder": null, "icon": null, "layer": "Zonas Flash — 12", "path": "C:/Users/User/Downloads/Zonas Flash.kml|layername=12|geometrytype=Polygon25D|uniqueGeometryType=yes" }, "geometry": { "type": "MultiPolygon", "coordinates": [ [ [ [ -58.476260895068968, -34.537869675403016 ], [ -58.47593112345438, -34.537783544660101 ], [ -58.475591579401261, -34.537813169964402 ], [ -58.475281707002964, -34.537955109808827 ], [ -58.475037503461301, -34.538192875350695 ], [ -58.467565503461302, -34.548494875350691 ], [ -58.467416381507533, -34.548797306154093 ], [ -58.467376256151972, -34.549132107145411 ], [ -58.467449689717682, -34.54946121086671 ], [ -58.46762833267988, -34.549747197649616 ], [ -58.467891873021507, -34.549957550297044 ], [ -58.472894315031702, -34.5527178882258 ], [ -58.466270198043134, -34.560681513056338 ], [ -58.466119328773999, -34.560928310764005 ], [ -58.466045408989423, -34.561207965033283 ], [ -58.466052174557632, -34.561420237232291 ], [ -58.465881513967645, -34.561542429650324 ], [ -58.465701422852256, -34.561778738632285 ], [ -58.465598711360883, -34.562057530838651 ], [ -58.465582446324206, -34.562354195958569 ], [ -58.465654063534181, -34.562642545954283 ], [ -58.465807240999887, -34.562897126803513 ], [ -58.466028457019625, -34.563095465446757 ], [ -58.471872457019629, -34.566939465446758 ], [ -58.472151191610791, -34.567066633271992 ], [ -58.47245534553069, -34.567103443883163 ], [ -58.472756369484756, -34.567046442065951 ], [ -58.480918369484755, -34.564150642065947 ], [ -58.481191524926302, -34.564002500613064 ], [ -58.481406017891402, -34.563777661663515 ], [ -58.487135217891399, -34.555507561663518 ], [ -58.487136314477809, -34.555505975476152 ], [ -58.49312301447781, -34.546828475476147 ], [ -58.493251440032942, -34.546568124902578 ], [ -58.493299674033807, -34.546281857500439 ], [ -58.493263651533731, -34.54599379861088 ], [ -58.493146408348508, -34.545728224553628 ], [ -58.492957825211413, -34.545507516726921 ], [ -58.492713795068966, -34.54535027540301 ], [ -58.476260895068968, -34.537869675403016 ] ] ] ] } },
{ "type": "Feature", "properties": { "id": null, "Name": "Polígono 2", "descriptio": null, "timestamp": null, "begin": null, "end": null, "altitudeMo": null, "tessellate": -1, "extrude": 0, "visibility": -1, "drawOrder": null, "icon": null, "layer": "Zonas Flash — 12", "path": "C:/Users/User/Downloads/Zonas Flash.kml|layername=12|geometrytype=Polygon25D|uniqueGeometryType=yes" }, "geometry": { "type": "MultiPolygon", "coordinates": [ [ [ [ -58.476260895068968, -34.537869675403016 ], [ -58.47593112345438, -34.537783544660101 ], [ -58.475591579401261, -34.537813169964402 ], [ -58.475281707002964, -34.537955109808827 ], [ -58.475037503461301, -34.538192875350695 ], [ -58.467565503461302, -34.548494875350691 ], [ -58.467416381507533, -34.548797306154093 ], [ -58.467376256151972, -34.549132107145411 ], [ -58.467449689717682, -34.54946121086671 ], [ -58.46762833267988, -34.549747197649616 ], [ -58.467891873021507, -34.549957550297044 ], [ -58.472894315031702, -34.5527178882258 ], [ -58.466270198043134, -34.560681513056338 ], [ -58.466119328773999, -34.560928310764005 ], [ -58.466045408989423, -34.561207965033283 ], [ -58.466052174557632, -34.561420237232291 ], [ -58.465881513967645, -34.561542429650324 ], [ -58.465701422852256, -34.561778738632285 ], [ -58.465598711360883, -34.562057530838651 ], [ -58.465582446324206, -34.562354195958569 ], [ -58.465654063534181, -34.562642545954283 ], [ -58.465807240999887, -34.562897126803513 ], [ -58.466028457019625, -34.563095465446757 ], [ -58.471872457019629, -34.566939465446758 ], [ -58.472151191610791, -34.567066633271992 ], [ -58.47245534553069, -34.567103443883163 ], [ -58.472756369484756, -34.567046442065951 ], [ -58.480918369484755, -34.564150642065947 ], [ -58.481191524926302, -34.564002500613064 ], [ -58.481406017891402, -34.563777661663515 ], [ -58.487135217891399, -34.555507561663518 ], [ -58.487136314477809, -34.555505975476152 ], [ -58.49312301447781, -34.546828475476147 ], [ -58.493251440032942, -34.546568124902578 ], [ -58.493299674033807, -34.546281857500439 ], [ -58.493263651533731, -34.54599379861088 ], [ -58.493146408348508, -34.545728224553628 ], [ -58.492957825211413, -34.545507516726921 ], [ -58.492713795068966, -34.54535027540301 ], [ -58.476260895068968, -34.537869675403016 ] ] ] ] } },
{ "type": "Feature", "properties": { "id": null, "Name": "Polígono 3", "descriptio": null, "timestamp": null, "begin": null, "end": null, "altitudeMo": null, "tessellate": -1, "extrude": 0, "visibility": -1, "drawOrder": null, "icon": null, "layer": "Zonas Flash — 12", "path": "C:/Users/User/Downloads/Zonas Flash.kml|layername=12|geometrytype=Polygon25D|uniqueGeometryType=yes" }, "geometry": { "type": "MultiPolygon", "coordinates": [ [ [ [ -58.478507923478475, -34.5708715661101 ], [ -58.478547435697571, -34.570893778907937 ], [ -58.487142985611527, -34.575472769741445 ], [ -58.494641546549474, -34.580368058946348 ], [ -58.494929466847545, -34.580496648837062 ], [ -58.495243113877677, -34.58052919109462 ], [ -58.495551300631057, -34.580462449929826 ], [ -58.49582338303307, -34.580303061647477 ], [ -58.49851218555078, -34.57809181547271 ], [ -58.499921270150921, -34.577096995506672 ], [ -58.50573735019735, -34.573127545730024 ], [ -58.509635605125759, -34.570829671969513 ], [ -58.509862389615414, -34.57064671167781 ], [ -58.510026803279331, -34.570406141895411 ], [ -58.510114886464706, -34.57012838836161 ], [ -58.510119160409403, -34.569837033927143 ], [ -58.510039262231267, -34.569556816236378 ], [ -58.507421462231264, -34.563756816236378 ], [ -58.507412293352658, -34.563737077388957 ], [ -58.500395593352657, -34.549051877388962 ], [ -58.50019166495229, -34.548767258151699 ], [ -58.499902120568542, -34.548570385216685 ], [ -58.492708720568544, -34.545347985216679 ], [ -58.49237136527087, -34.545263156911368 ], [ -58.492025362358241, -34.545299023646677 ], [ -58.49171257971873, -34.545451245388463 ], [ -58.491470865439929, -34.545701402630357 ], [ -58.487721368910485, -34.551260195240154 ], [ -58.483521537728564, -34.55722520180661 ], [ -58.483517839325465, -34.557230490811492 ], [ -58.479946255691289, -34.562373392437266 ], [ -58.472087630515247, -34.565161557934054 ], [ -58.471805233120136, -34.565316854133023 ], [ -58.47158689633924, -34.565553907393458 ], [ -58.471455297765559, -34.565848096131482 ], [ -58.471424105911041, -34.566168864375534 ], [ -58.471496560523832, -34.566482895468361 ], [ -58.471665136091211, -34.56675757250828 ], [ -58.471912323478477, -34.566964366110099 ], [ -58.478507923478475, -34.5708715661101 ] ] ] ] } },
{ "type": "Feature", "properties": { "id": null, "Name": "Polígono 3", "descriptio": null, "timestamp": null, "begin": null, "end": null, "altitudeMo": null, "tessellate": -1, "extrude": 0, "visibility": -1, "drawOrder": null, "icon": null, "layer": "Zonas Flash — 12", "path": "C:/Users/User/Downloads/Zonas Flash.kml|layername=12|geometrytype=Polygon25D|uniqueGeometryType=yes" }, "geometry": { "type": "MultiPolygon", "coordinates": [ [ [ [ -58.478507923478475, -34.5708715661101 ], [ -58.478547435697571, -34.570893778907937 ], [ -58.487142985611527, -34.575472769741445 ], [ -58.494641546549474, -34.580368058946348 ], [ -58.494929466847545, -34.580496648837062 ], [ -58.495243113877677, -34.58052919109462 ], [ -58.495551300631057, -34.580462449929826 ], [ -58.49582338303307, -34.580303061647477 ], [ -58.49851218555078, -34.57809181547271 ], [ -58.499921270150921, -34.577096995506672 ], [ -58.50573735019735, -34.573127545730024 ], [ -58.509635605125759, -34.570829671969513 ], [ -58.509862389615414, -34.57064671167781 ], [ -58.510026803279331, -34.570406141895411 ], [ -58.510114886464706, -34.57012838836161 ], [ -58.510119160409403, -34.569837033927143 ], [ -58.510039262231267, -34.569556816236378 ], [ -58.507421462231264, -34.563756816236378 ], [ -58.507412293352658, -34.563737077388957 ], [ -58.500395593352657, -34.549051877388962 ], [ -58.50019166495229, -34.548767258151699 ], [ -58.499902120568542, -34.548570385216685 ], [ -58.492708720568544, -34.545347985216679 ], [ -58.49237136527087, -34.545263156911368 ], [ -58.492025362358241, -34.545299023646677 ], [ -58.49171257971873, -34.545451245388463 ], [ -58.491470865439929, -34.545701402630357 ], [ -58.487721368910485, -34.551260195240154 ], [ -58.483521537728564, -34.55722520180661 ], [ -58.483517839325465, -34.557230490811492 ], [ -58.479946255691289, -34.562373392437266 ], [ -58.472087630515247, -34.565161557934054 ], [ -58.471805233120136, -34.565316854133023 ], [ -58.47158689633924, -34.565553907393458 ], [ -58.471455297765559, -34.565848096131482 ], [ -58.471424105911041, -34.566168864375534 ], [ -58.471496560523832, -34.566482895468361 ], [ -58.471665136091211, -34.56675757250828 ], [ -58.471912323478477, -34.566964366110099 ], [ -58.478507923478475, -34.5708715661101 ] ] ] ] } },
{ "type": "Feature", "properties": { "id": null, "Name": "Polígono 3", "descriptio": null, "timestamp": null, "begin": null, "end": null, "altitudeMo": null, "tessellate": -1, "extrude": 0, "visibility": -1, "drawOrder": null, "icon": null, "layer": "Zonas Flash — 12", "path": "C:/Users/User/Downloads/Zonas Flash.kml|layername=12|geometrytype=Polygon25D|uniqueGeometryType=yes" }, "geometry": { "type": "MultiPolygon", "coordinates": [ [ [ [ -58.478507923478475, -34.5708715661101 ], [ -58.478547435697571, -34.570893778907937 ], [ -58.487142985611527, -34.575472769741445 ], [ -58.494641546549474, -34.580368058946348 ], [ -58.494929466847545, -34.580496648837062 ], [ -58.495243113877677, -34.58052919109462 ], [ -58.495551300631057, -34.580462449929826 ], [ -58.49582338303307, -34.580303061647477 ], [ -58.49851218555078, -34.57809181547271 ], [ -58.499921270150921, -34.577096995506672 ], [ -58.50573735019735, -34.573127545730024 ], [ -58.509635605125759, -34.570829671969513 ], [ -58.509862389615414, -34.57064671167781 ], [ -58.510026803279331, -34.570406141895411 ], [ -58.510114886464706, -34.57012838836161 ], [ -58.510119160409403, -34.569837033927143 ], [ -58.510039262231267, -34.569556816236378 ], [ -58.507421462231264, -34.563756816236378 ], [ -58.507412293352658, -34.563737077388957 ], [ -58.500395593352657, -34.549051877388962 ], [ -58.50019166495229, -34.548767258151699 ], [ -58.499902120568542, -34.548570385216685 ], [ -58.492708720568544, -34.545347985216679 ], [ -58.49237136527087, -34.545263156911368 ], [ -58.492025362358241, -34.545299023646677 ], [ -58.49171257971873, -34.545451245388463 ], [ -58.491470865439929, -34.545701402630357 ], [ -58.487721368910485, -34.551260195240154 ], [ -58.483521537728564, -34.55722520180661 ], [ -58.483517839325465, -34.557230490811492 ], [ -58.479946255691289, -34.562373392437266 ], [ -58.472087630515247, -34.565161557934054 ], [ -58.471805233120136, -34.565316854133023 ], [ -58.47158689633924, -34.565553907393458 ], [ -58.471455297765559, -34.565848096131482 ], [ -58.471424105911041, -34.566168864375534 ], [ -58.471496560523832, -34.566482895468361 ], [ -58.471665136091211, -34.56675757250828 ], [ -58.471912323478477, -34.566964366110099 ], [ -58.478507923478475, -34.5708715661101 ] ] ] ] } },
{ "type": "Feature", "properties": { "id": null, "Name": "Polígono 3", "descriptio": null, "timestamp": null, "begin": null, "end": null, "altitudeMo": null, "tessellate": -1, "extrude": 0, "visibility": -1, "drawOrder": null, "icon": null, "layer": "Zonas Flash — 12", "path": "C:/Users/User/Downloads/Zonas Flash.kml|layername=12|geometrytype=Polygon25D|uniqueGeometryType=yes" }, "geometry": { "type": "MultiPolygon", "coordinates": [ [ [ [ -58.478507923478475, -34.5708715661101 ], [ -58.478547435697571, -34.570893778907937 ], [ -58.487142985611527, -34.575472769741445 ], [ -58.494641546549474, -34.580368058946348 ], [ -58.494929466847545, -34.580496648837062 ], [ -58.495243113877677, -34.58052919109462 ], [ -58.495551300631057, -34.580462449929826 ], [ -58.49582338303307, -34.580303061647477 ], [ -58.49851218555078, -34.57809181547271 ], [ -58.499921270150921, -34.577096995506672 ], [ -58.50573735019735, -34.573127545730024 ], [ -58.509635605125759, -34.570829671969513 ], [ -58.509862389615414, -34.57064671167781 ], [ -58.510026803279331, -34.570406141895411 ], [ -58.510114886464706, -34.57012838836161 ], [ -58.510119160409403, -34.569837033927143 ], [ -58.510039262231267, -34.569556816236378 ], [ -58.507421462231264, -34.563756816236378 ], [ -58.507412293352658, -34.563737077388957 ], [ -58.500395593352657, -34.549051877388962 ], [ -58.50019166495229, -34.548767258151699 ], [ -58.499902120568542, -34.548570385216685 ], [ -58.492708720568544, -34.545347985216679 ], [ -58.49237136527087, -34.545263156911368 ], [ -58.492025362358241, -34.545299023646677 ], [ -58.49171257971873, -34.545451245388463 ], [ -58.491470865439929, -34.545701402630357 ], [ -58.487721368910485, -34.551260195240154 ], [ -58.483521537728564, -34.55722520180661 ], [ -58.483517839325465, -34.557230490811492 ], [ -58.479946255691289, -34.562373392437266 ], [ -58.472087630515247, -34.565161557934054 ], [ -58.471805233120136, -34.565316854133023 ], [ -58.47158689633924, -34.565553907393458 ], [ -58.471455297765559, -34.565848096131482 ], [ -58.471424105911041, -34.566168864375534 ], [ -58.471496560523832, -34.566482895468361 ], [ -58.471665136091211, -34.56675757250828 ], [ -58.471912323478477, -34.566964366110099 ], [ -58.478507923478475, -34.5708715661101 ] ] ] ] } },
{ "type": "Feature", "properties": { "id": null, "Name": "Polígono 3", "descriptio": null, "timestamp": null, "begin": null, "end": null, "altitudeMo": null, "tessellate": -1, "extrude": 0, "visibility": -1, "drawOrder": null, "icon": null, "layer": "Zonas Flash — 12", "path": "C:/Users/User/Downloads/Zonas Flash.kml|layername=12|geometrytype=Polygon25D|uniqueGeometryType=yes" }, "geometry": { "type": "MultiPolygon", "coordinates": [ [ [ [ -58.478507923478475, -34.5708715661101 ], [ -58.478547435697571, -34.570893778907937 ], [ -58.487142985611527, -34.575472769741445 ], [ -58.494641546549474, -34.580368058946348 ], [ -58.494929466847545, -34.580496648837062 ], [ -58.495243113877677, -34.58052919109462 ], [ -58.495551300631057, -34.580462449929826 ], [ -58.49582338303307, -34.580303061647477 ], [ -58.49851218555078, -34.57809181547271 ], [ -58.499921270150921, -34.577096995506672 ], [ -58.50573735019735, -34.573127545730024 ], [ -58.509635605125759, -34.570829671969513 ], [ -58.509862389615414, -34.57064671167781 ], [ -58.510026803279331, -34.570406141895411 ], [ -58.510114886464706, -34.57012838836161 ], [ -58.510119160409403, -34.569837033927143 ], [ -58.510039262231267, -34.569556816236378 ], [ -58.507421462231264, -34.563756816236378 ], [ -58.507412293352658, -34.563737077388957 ], [ -58.500395593352657, -34.549051877388962 ], [ -58.50019166495229, -34.548767258151699 ], [ -58.499902120568542, -34.548570385216685 ], [ -58.492708720568544, -34.545347985216679 ], [ -58.49237136527087, -34.545263156911368 ], [ -58.492025362358241, -34.545299023646677 ], [ -58.49171257971873, -34.545451245388463 ], [ -58.491470865439929, -34.545701402630357 ], [ -58.487721368910485, -34.551260195240154 ], [ -58.483521537728564, -34.55722520180661 ], [ -58.483517839325465, -34.557230490811492 ], [ -58.479946255691289, -34.562373392437266 ], [ -58.472087630515247, -34.565161557934054 ], [ -58.471805233120136, -34.565316854133023 ], [ -58.47158689633924, -34.565553907393458 ], [ -58.471455297765559, -34.565848096131482 ], [ -58.471424105911041, -34.566168864375534 ], [ -58.471496560523832, -34.566482895468361 ], [ -58.471665136091211, -34.56675757250828 ], [ -58.471912323478477, -34.566964366110099 ], [ -58.478507923478475, -34.5708715661101 ] ] ] ] } },
{ "type": "Feature", "properties": { "id": null, "Name": "Polígono 1", "descriptio": null, "timestamp": null, "begin": null, "end": null, "altitudeMo": null, "tessellate": -1, "extrude": 0, "visibility": -1, "drawOrder": null, "icon": null, "layer": "Zonas Flash — Comuna 13", "path": "C:/Users/User/Downloads/Zonas Flash.kml|layername=Comuna 13|geometrytype=Polygon25D|uniqueGeometryType=yes" }, "geometry": { "type": "MultiPolygon", "coordinates": [ [ [ [ -58.443720782460232, -34.583631324223866 ], [ -58.443960967704029, -34.583856828798751 ], [ -58.444261396855147, -34.583992045623859 ], [ -58.444589460953587, -34.584022298093998 ], [ -58.444909551507223, -34.583944302567801 ], [ -58.448814055693099, -34.582272792489256 ], [ -58.451396068521852, -34.581281905706263 ], [ -58.455858511501155, -34.579829982027732 ], [ -58.457961732233976, -34.579293792900167 ], [ -58.460326604310445, -34.579157339493065 ], [ -58.46068927456146, -34.579066396987535 ], [ -58.460993190323599, -34.578848600156036 ], [ -58.464036497349582, -34.575652641627478 ], [ -58.467404165473063, -34.573542493878371 ], [ -58.467516547887676, -34.573613930762079 ], [ -58.46777676696319, -34.573731090687382 ], [ -58.46805948257196, -34.573769978987912 ], [ -58.468341670237372, -34.573727428584306 ], [ -58.468600348478759, -34.573606904799128 ], [ -58.468814450432681, -34.573418223139484 ], [ -58.474018450432681, -34.567305223139485 ], [ -58.474191144477942, -34.567013895074673 ], [ -58.474256696565774, -34.566681632831255 ], [ -58.474207588181457, -34.566346545318495 ], [ -58.474049451824619, -34.566047065490686 ], [ -58.473800424988141, -34.565817542268924 ], [ -58.473489069873409, -34.565684300882154 ], [ -58.472416069873411, -34.565428300882154 ], [ -58.472257871685514, -34.565403732245542 ], [ -58.470583871685513, -34.565279732245543 ], [ -58.470490554136397, -34.565277189088683 ], [ -58.467765554136399, -34.565330189088684 ], [ -58.467519768924753, -34.565365815123165 ], [ -58.463313768924756, -34.566522815123164 ], [ -58.463229669532375, -34.566550000413883 ], [ -58.457350388432751, -34.568741903213272 ], [ -58.453489459179231, -34.56998082102163 ], [ -58.453422679173187, -34.570004895909975 ], [ -58.447918679173185, -34.572212895909978 ], [ -58.44788996119739, -34.57222493893282 ], [ -58.445486961197389, -34.573276938932821 ], [ -58.445343241405062, -34.573354407087294 ], [ -58.442392241405066, -34.575271407087293 ], [ -58.442365344513696, -34.57528950624318 ], [ -58.441389344513695, -34.575969506243183 ], [ -58.441225854673206, -34.576112090456995 ], [ -58.440371941804969, -34.577038099038887 ], [ -58.439495898442608, -34.57771090776528 ], [ -58.439310147001017, -34.577897197964738 ], [ -58.439179405456819, -34.578125483498866 ], [ -58.439112722123291, -34.578379965265405 ], [ -58.43910172212329, -34.578467965265403 ], [ -58.439112963296829, -34.578785822049902 ], [ -58.43922344545598, -34.579084071931618 ], [ -58.439421992302925, -34.57933254416146 ], [ -58.442736248245197, -34.582340069734151 ], [ -58.443720782460232, -34.583631324223866 ] ] ] ] } },
{ "type": "Feature", "properties": { "id": null, "Name": "Polígono 1", "descriptio": null, "timestamp": null, "begin": null, "end": null, "altitudeMo": null, "tessellate": -1, "extrude": 0, "visibility": -1, "drawOrder": null, "icon": null, "layer": "Zonas Flash — Comuna 13", "path": "C:/Users/User/Downloads/Zonas Flash.kml|layername=Comuna 13|geometrytype=Polygon25D|uniqueGeometryType=yes" }, "geometry": { "type": "MultiPolygon", "coordinates": [ [ [ [ -58.443720782460232, -34.583631324223866 ], [ -58.443960967704029, -34.583856828798751 ], [ -58.444261396855147, -34.583992045623859 ], [ -58.444589460953587, -34.584022298093998 ], [ -58.444909551507223, -34.583944302567801 ], [ -58.448814055693099, -34.582272792489256 ], [ -58.451396068521852, -34.581281905706263 ], [ -58.455858511501155, -34.579829982027732 ], [ -58.457961732233976, -34.579293792900167 ], [ -58.460326604310445, -34.579157339493065 ], [ -58.46068927456146, -34.579066396987535 ], [ -58.460993190323599, -34.578848600156036 ], [ -58.464036497349582, -34.575652641627478 ], [ -58.467404165473063, -34.573542493878371 ], [ -58.467516547887676, -34.573613930762079 ], [ -58.46777676696319, -34.573731090687382 ], [ -58.46805948257196, -34.573769978987912 ], [ -58.468341670237372, -34.573727428584306 ], [ -58.468600348478759, -34.573606904799128 ], [ -58.468814450432681, -34.573418223139484 ], [ -58.474018450432681, -34.567305223139485 ], [ -58.474191144477942, -34.567013895074673 ], [ -58.474256696565774, -34.566681632831255 ], [ -58.474207588181457, -34.566346545318495 ], [ -58.474049451824619, -34.566047065490686 ], [ -58.473800424988141, -34.565817542268924 ], [ -58.473489069873409, -34.565684300882154 ], [ -58.472416069873411, -34.565428300882154 ], [ -58.472257871685514, -34.565403732245542 ], [ -58.470583871685513, -34.565279732245543 ], [ -58.470490554136397, -34.565277189088683 ], [ -58.467765554136399, -34.565330189088684 ], [ -58.467519768924753, -34.565365815123165 ], [ -58.463313768924756, -34.566522815123164 ], [ -58.463229669532375, -34.566550000413883 ], [ -58.457350388432751, -34.568741903213272 ], [ -58.453489459179231, -34.56998082102163 ], [ -58.453422679173187, -34.570004895909975 ], [ -58.447918679173185, -34.572212895909978 ], [ -58.44788996119739, -34.57222493893282 ], [ -58.445486961197389, -34.573276938932821 ], [ -58.445343241405062, -34.573354407087294 ], [ -58.442392241405066, -34.575271407087293 ], [ -58.442365344513696, -34.57528950624318 ], [ -58.441389344513695, -34.575969506243183 ], [ -58.441225854673206, -34.576112090456995 ], [ -58.440371941804969, -34.577038099038887 ], [ -58.439495898442608, -34.57771090776528 ], [ -58.439310147001017, -34.577897197964738 ], [ -58.439179405456819, -34.578125483498866 ], [ -58.439112722123291, -34.578379965265405 ], [ -58.43910172212329, -34.578467965265403 ], [ -58.439112963296829, -34.578785822049902 ], [ -58.43922344545598, -34.579084071931618 ], [ -58.439421992302925, -34.57933254416146 ], [ -58.442736248245197, -34.582340069734151 ], [ -58.443720782460232, -34.583631324223866 ] ] ] ] } },
{ "type": "Feature", "properties": { "id": null, "Name": "Polígono 2", "descriptio": null, "timestamp": null, "begin": null, "end": null, "altitudeMo": null, "tessellate": -1, "extrude": 0, "visibility": -1, "drawOrder": null, "icon": null, "layer": "Zonas Flash — Comuna 13", "path": "C:/Users/User/Downloads/Zonas Flash.kml|layername=Comuna 13|geometrytype=Polygon25D|uniqueGeometryType=yes" }, "geometry": { "type": "MultiPolygon", "coordinates": [ [ [ [ -58.446259120355627, -34.561171291256883 ], [ -58.446373284487649, -34.561118909639944 ], [ -58.455653384487647, -34.556133009639943 ], [ -58.455753318309213, -34.556071502690976 ], [ -58.458886018309215, -34.553880002690981 ], [ -58.459046371070613, -34.553740212745886 ], [ -58.462779571070612, -34.549710612745884 ], [ -58.462859715165244, -34.549612263821217 ], [ -58.464576115165244, -34.547209463821218 ], [ -58.464690916934906, -34.546999490050496 ], [ -58.468762516934909, -34.536817290050493 ], [ -58.468830428968637, -34.536530435244266 ], [ -58.468811753592675, -34.536236243207469 ], [ -58.468708113654706, -34.535960278558576 ], [ -58.468528515229472, -34.535726521997532 ], [ -58.468288565011385, -34.535555286437493 ], [ -58.465241565011382, -34.534000286437497 ], [ -58.464878156029336, -34.5338951633777 ], [ -58.464299156029334, -34.533842163377699 ], [ -58.463955852755852, -34.533870311120623 ], [ -58.463642466609926, -34.534013274600419 ], [ -58.457358837909617, -34.538322104960955 ], [ -58.449291964087884, -34.541728777410675 ], [ -58.449200154313218, -34.541773194761937 ], [ -58.432570154313218, -34.550893194761933 ], [ -58.432307011231096, -34.551101807878119 ], [ -58.43212776308566, -34.551385768819578 ], [ -58.432052622563518, -34.551713057095945 ], [ -58.432090062788994, -34.552046766465651 ], [ -58.432235861863234, -34.552349266620809 ], [ -58.432473578941121, -34.552586446520451 ], [ -58.433709333103003, -34.553460417391527 ], [ -58.433712133306223, -34.55361953677199 ], [ -58.433799228355717, -34.553894361075415 ], [ -58.433961106976533, -34.55413291768825 ], [ -58.434184314797811, -34.554315379229187 ], [ -58.442456383578559, -34.559281106468724 ], [ -58.441687638681699, -34.560127790867092 ], [ -58.441522431259109, -34.560375800453187 ], [ -58.441437640375767, -34.560661479912326 ], [ -58.441440795652667, -34.560959460266545 ], [ -58.441531616894132, -34.561243280190745 ], [ -58.441702038969808, -34.561487735837837 ], [ -58.441936928016403, -34.561671118996998 ], [ -58.442752928016404, -34.562131118996994 ], [ -58.443025993338019, -34.562235947281017 ], [ -58.443317709922887, -34.562257279723681 ], [ -58.443603120355625, -34.562193291256882 ], [ -58.446259120355627, -34.561171291256883 ] ] ] ] } },
{ "type": "Feature", "properties": { "id": null, "Name": "Polígono 2", "descriptio": null, "timestamp": null, "begin": null, "end": null, "altitudeMo": null, "tessellate": -1, "extrude": 0, "visibility": -1, "drawOrder": null, "icon": null, "layer": "Zonas Flash — Comuna 13", "path": "C:/Users/User/Downloads/Zonas Flash.kml|layername=Comuna 13|geometrytype=Polygon25D|uniqueGeometryType=yes" }, "geometry": { "type": "MultiPolygon", "coordinates": [ [ [ [ -58.446259120355627, -34.561171291256883 ], [ -58.446373284487649, -34.561118909639944 ], [ -58.455653384487647, -34.556133009639943 ], [ -58.455753318309213, -34.556071502690976 ], [ -58.458886018309215, -34.553880002690981 ], [ -58.459046371070613, -34.553740212745886 ], [ -58.462779571070612, -34.549710612745884 ], [ -58.462859715165244, -34.549612263821217 ], [ -58.464576115165244, -34.547209463821218 ], [ -58.464690916934906, -34.546999490050496 ], [ -58.468762516934909, -34.536817290050493 ], [ -58.468830428968637, -34.536530435244266 ], [ -58.468811753592675, -34.536236243207469 ], [ -58.468708113654706, -34.535960278558576 ], [ -58.468528515229472, -34.535726521997532 ], [ -58.468288565011385, -34.535555286437493 ], [ -58.465241565011382, -34.534000286437497 ], [ -58.464878156029336, -34.5338951633777 ], [ -58.464299156029334, -34.533842163377699 ], [ -58.463955852755852, -34.533870311120623 ], [ -58.463642466609926, -34.534013274600419 ], [ -58.457358837909617, -34.538322104960955 ], [ -58.449291964087884, -34.541728777410675 ], [ -58.449200154313218, -34.541773194761937 ], [ -58.432570154313218, -34.550893194761933 ], [ -58.432307011231096, -34.551101807878119 ], [ -58.43212776308566, -34.551385768819578 ], [ -58.432052622563518, -34.551713057095945 ], [ -58.432090062788994, -34.552046766465651 ], [ -58.432235861863234, -34.552349266620809 ], [ -58.432473578941121, -34.552586446520451 ], [ -58.433709333103003, -34.553460417391527 ], [ -58.433712133306223, -34.55361953677199 ], [ -58.433799228355717, -34.553894361075415 ], [ -58.433961106976533, -34.55413291768825 ], [ -58.434184314797811, -34.554315379229187 ], [ -58.442456383578559, -34.559281106468724 ], [ -58.441687638681699, -34.560127790867092 ], [ -58.441522431259109, -34.560375800453187 ], [ -58.441437640375767, -34.560661479912326 ], [ -58.441440795652667, -34.560959460266545 ], [ -58.441531616894132, -34.561243280190745 ], [ -58.441702038969808, -34.561487735837837 ], [ -58.441936928016403, -34.561671118996998 ], [ -58.442752928016404, -34.562131118996994 ], [ -58.443025993338019, -34.562235947281017 ], [ -58.443317709922887, -34.562257279723681 ], [ -58.443603120355625, -34.562193291256882 ], [ -58.446259120355627, -34.561171291256883 ] ] ] ] } },
{ "type": "Feature", "properties": { "id": null, "Name": "Polígono 3", "descriptio": null, "timestamp": null, "begin": null, "end": null, "altitudeMo": null, "tessellate": -1, "extrude": 0, "visibility": -1, "drawOrder": null, "icon": null, "layer": "Zonas Flash — Comuna 13", "path": "C:/Users/User/Downloads/Zonas Flash.kml|layername=Comuna 13|geometrytype=Polygon25D|uniqueGeometryType=yes" }, "geometry": { "type": "MultiPolygon", "coordinates": [ [ [ [ -58.440714343731692, -34.562891552612314 ], [ -58.440883399882715, -34.563179316765222 ], [ -58.441730399882715, -34.564187316765221 ], [ -58.442012427246041, -34.564419304170919 ], [ -58.442937386219604, -34.564930309342607 ], [ -58.447220463144546, -34.567413379948647 ], [ -58.448349440815036, -34.56843385603689 ], [ -58.448609251107797, -34.568603748511137 ], [ -58.448908643152258, -34.568685780485048 ], [ -58.44921876608165, -34.568672046960501 ], [ -58.449509734949181, -34.568563871366401 ], [ -58.453285734949183, -34.566442871366398 ], [ -58.453504609021216, -34.566276601342857 ], [ -58.457023609021213, -34.562742601342855 ], [ -58.457200738590949, -34.562501184390619 ], [ -58.457298455469882, -34.562218150044863 ], [ -58.457307998652929, -34.561918874324235 ], [ -58.457228512526655, -34.561630189400773 ], [ -58.457067123581005, -34.561377977907128 ], [ -58.456838301469418, -34.561184852376577 ], [ -58.450624301469418, -34.557368852376584 ], [ -58.450291226105797, -34.55723925969388 ], [ -58.449933852503257, -34.557235068098535 ], [ -58.44959782922902, -34.55735681299754 ], [ -58.445961712032698, -34.559473933352074 ], [ -58.443094988967999, -34.560742327570424 ], [ -58.441279512457839, -34.561117715161323 ], [ -58.4410093476572, -34.561215751021081 ], [ -58.440778223963378, -34.561386578089959 ], [ -58.440605232204881, -34.561616086043628 ], [ -58.440504661509486, -34.561885317513799 ], [ -58.440484819021599, -34.562172033967776 ], [ -58.440547343731694, -34.562452552612314 ], [ -58.440714343731692, -34.562891552612314 ] ] ] ] } },
{ "type": "Feature", "properties": { "id": null, "Name": "Polígono 4", "descriptio": null, "timestamp": null, "begin": null, "end": null, "altitudeMo": null, "tessellate": -1, "extrude": 0, "visibility": -1, "drawOrder": null, "icon": null, "layer": "Zonas Flash — Comuna 13", "path": "C:/Users/User/Downloads/Zonas Flash.kml|layername=Comuna 13|geometrytype=Polygon25D|uniqueGeometryType=yes" }, "geometry": { "type": "MultiPolygon", "coordinates": [ [ [ [ -58.456060606409899, -34.562700750725661 ], [ -58.456383120352193, -34.562823807373853 ], [ -58.456728260008049, -34.562829873640652 ], [ -58.457054899163666, -34.562718226680751 ], [ -58.457324116091208, -34.562502170142864 ], [ -58.463015116091206, -34.556027170142862 ], [ -58.463178645460012, -34.555771256951047 ], [ -58.463257813953426, -34.555478057759622 ], [ -58.46324531959084, -34.555174615331623 ], [ -58.463142314770003, -34.554888917198817 ], [ -58.46295829997743, -34.554647314275989 ], [ -58.462710247526061, -34.554472090426081 ], [ -58.458633247526066, -34.552439090426084 ], [ -58.458306371547536, -34.552341150346912 ], [ -58.457965595926382, -34.552358817844613 ], [ -58.457650600631972, -34.552490035712857 ], [ -58.449964600631972, -34.557375035712859 ], [ -58.449714117180946, -34.55760189755383 ], [ -58.449553502242885, -34.557899237587797 ], [ -58.449501099369456, -34.558233097128593 ], [ -58.449562893401342, -34.558565346660949 ], [ -58.449731826950043, -34.558858040545836 ], [ -58.449988606409903, -34.559077750725663 ], [ -58.456060606409899, -34.562700750725661 ] ] ] ] } },
{ "type": "Feature", "properties": { "id": null, "Name": "Polígono 5", "descriptio": null, "timestamp": null, "begin": null, "end": null, "altitudeMo": null, "tessellate": -1, "extrude": 0, "visibility": -1, "drawOrder": null, "icon": null, "layer": "Zonas Flash — Comuna 13", "path": "C:/Users/User/Downloads/Zonas Flash.kml|layername=Comuna 13|geometrytype=Polygon25D|uniqueGeometryType=yes" }, "geometry": { "type": "MultiPolygon", "coordinates": [ [ [ [ -58.458336522454232, -34.554271186052596 ], [ -58.468770226686665, -34.559702997974682 ], [ -58.469092228013501, -34.559806183716184 ], [ -58.469430209772305, -34.559796159622799 ], [ -58.469745529781342, -34.559674071770701 ], [ -58.470002136825507, -34.559453878726714 ], [ -58.475206136825506, -34.553170878726711 ], [ -58.475357103661395, -34.552922317409006 ], [ -58.475430169339482, -34.552640830072029 ], [ -58.475419154423982, -34.552350223145346 ], [ -58.475324990487223, -34.552075074336138 ], [ -58.475155641323077, -34.551838654001145 ], [ -58.474925429419343, -34.551660957086213 ], [ -58.469843812570339, -34.548808926819788 ], [ -58.476438888228266, -34.539957474074221 ], [ -58.476580017091301, -34.539692744294484 ], [ -58.476636275158967, -34.539398067790366 ], [ -58.476602599249503, -34.539099965215101 ], [ -58.47648202016822, -34.538825265565634 ], [ -58.476285389937459, -34.538598691594032 ], [ -58.476030405123083, -34.538440634779249 ], [ -58.468692405123086, -34.535300634779247 ], [ -58.468385281569233, -34.535223729208091 ], [ -58.46806950920746, -34.535246689167771 ], [ -58.467776740852237, -34.535367213166978 ], [ -58.467536323411487, -34.535573219959083 ], [ -58.467372356171815, -34.535844059558329 ], [ -58.463182185900415, -34.54617227911303 ], [ -58.461611701399065, -34.548565577264618 ], [ -58.457809331623352, -34.552611133299926 ], [ -58.45763626137196, -34.552863718324815 ], [ -58.457547731377346, -34.553156830840351 ], [ -58.457552041548432, -34.553462990813472 ], [ -58.457648787795861, -34.553753494979226 ], [ -58.457828899916429, -34.554001107843874 ], [ -58.458075491947341, -34.554182615080649 ], [ -58.458336522454232, -34.554271186052596 ] ] ] ] } },
{ "type": "Feature", "properties": { "id": null, "Name": "Polígono 5", "descriptio": null, "timestamp": null, "begin": null, "end": null, "altitudeMo": null, "tessellate": -1, "extrude": 0, "visibility": -1, "drawOrder": null, "icon": null, "layer": "Zonas Flash — Comuna 13", "path": "C:/Users/User/Downloads/Zonas Flash.kml|layername=Comuna 13|geometrytype=Polygon25D|uniqueGeometryType=yes" }, "geometry": { "type": "MultiPolygon", "coordinates": [ [ [ [ -58.458336522454232, -34.554271186052596 ], [ -58.468770226686665, -34.559702997974682 ], [ -58.469092228013501, -34.559806183716184 ], [ -58.469430209772305, -34.559796159622799 ], [ -58.469745529781342, -34.559674071770701 ], [ -58.470002136825507, -34.559453878726714 ], [ -58.475206136825506, -34.553170878726711 ], [ -58.475357103661395, -34.552922317409006 ], [ -58.475430169339482, -34.552640830072029 ], [ -58.475419154423982, -34.552350223145346 ], [ -58.475324990487223, -34.552075074336138 ], [ -58.475155641323077, -34.551838654001145 ], [ -58.474925429419343, -34.551660957086213 ], [ -58.469843812570339, -34.548808926819788 ], [ -58.476438888228266, -34.539957474074221 ], [ -58.476580017091301, -34.539692744294484 ], [ -58.476636275158967, -34.539398067790366 ], [ -58.476602599249503, -34.539099965215101 ], [ -58.47648202016822, -34.538825265565634 ], [ -58.476285389937459, -34.538598691594032 ], [ -58.476030405123083, -34.538440634779249 ], [ -58.468692405123086, -34.535300634779247 ], [ -58.468385281569233, -34.535223729208091 ], [ -58.46806950920746, -34.535246689167771 ], [ -58.467776740852237, -34.535367213166978 ], [ -58.467536323411487, -34.535573219959083 ], [ -58.467372356171815, -34.535844059558329 ], [ -58.463182185900415, -34.54617227911303 ], [ -58.461611701399065, -34.548565577264618 ], [ -58.457809331623352, -34.552611133299926 ], [ -58.45763626137196, -34.552863718324815 ], [ -58.457547731377346, -34.553156830840351 ], [ -58.457552041548432, -34.553462990813472 ], [ -58.457648787795861, -34.553753494979226 ], [ -58.457828899916429, -34.554001107843874 ], [ -58.458075491947341, -34.554182615080649 ], [ -58.458336522454232, -34.554271186052596 ] ] ] ] } },
{ "type": "Feature", "properties": { "id": null, "Name": "Polígono 5", "descriptio": null, "timestamp": null, "begin": null, "end": null, "altitudeMo": null, "tessellate": -1, "extrude": 0, "visibility": -1, "drawOrder": null, "icon": null, "layer": "Zonas Flash — Comuna 13", "path": "C:/Users/User/Downloads/Zonas Flash.kml|layername=Comuna 13|geometrytype=Polygon25D|uniqueGeometryType=yes" }, "geometry": { "type": "MultiPolygon", "coordinates": [ [ [ [ -58.458336522454232, -34.554271186052596 ], [ -58.468770226686665, -34.559702997974682 ], [ -58.469092228013501, -34.559806183716184 ], [ -58.469430209772305, -34.559796159622799 ], [ -58.469745529781342, -34.559674071770701 ], [ -58.470002136825507, -34.559453878726714 ], [ -58.475206136825506, -34.553170878726711 ], [ -58.475357103661395, -34.552922317409006 ], [ -58.475430169339482, -34.552640830072029 ], [ -58.475419154423982, -34.552350223145346 ], [ -58.475324990487223, -34.552075074336138 ], [ -58.475155641323077, -34.551838654001145 ], [ -58.474925429419343, -34.551660957086213 ], [ -58.469843812570339, -34.548808926819788 ], [ -58.476438888228266, -34.539957474074221 ], [ -58.476580017091301, -34.539692744294484 ], [ -58.476636275158967, -34.539398067790366 ], [ -58.476602599249503, -34.539099965215101 ], [ -58.47648202016822, -34.538825265565634 ], [ -58.476285389937459, -34.538598691594032 ], [ -58.476030405123083, -34.538440634779249 ], [ -58.468692405123086, -34.535300634779247 ], [ -58.468385281569233, -34.535223729208091 ], [ -58.46806950920746, -34.535246689167771 ], [ -58.467776740852237, -34.535367213166978 ], [ -58.467536323411487, -34.535573219959083 ], [ -58.467372356171815, -34.535844059558329 ], [ -58.463182185900415, -34.54617227911303 ], [ -58.461611701399065, -34.548565577264618 ], [ -58.457809331623352, -34.552611133299926 ], [ -58.45763626137196, -34.552863718324815 ], [ -58.457547731377346, -34.553156830840351 ], [ -58.457552041548432, -34.553462990813472 ], [ -58.457648787795861, -34.553753494979226 ], [ -58.457828899916429, -34.554001107843874 ], [ -58.458075491947341, -34.554182615080649 ], [ -58.458336522454232, -34.554271186052596 ] ] ] ] } },
{ "type": "Feature", "properties": { "id": null, "Name": "Polígono 6", "descriptio": null, "timestamp": null, "begin": null, "end": null, "altitudeMo": null, "tessellate": -1, "extrude": 0, "visibility": -1, "drawOrder": null, "icon": null, "layer": "Zonas Flash — Comuna 13", "path": "C:/Users/User/Downloads/Zonas Flash.kml|layername=Comuna 13|geometrytype=Polygon25D|uniqueGeometryType=yes" }, "geometry": { "type": "MultiPolygon", "coordinates": [ [ [ [ -58.457813014741497, -34.570552303254956 ], [ -58.458089099106388, -34.570414966557635 ], [ -58.458310215527668, -34.570200044541053 ], [ -58.45845533938369, -34.5699279728384 ], [ -58.458510671725719, -34.569624621100488 ], [ -58.458470951336395, -34.569318833207262 ], [ -58.458341951336401, -34.568876833207263 ], [ -58.458171169068279, -34.568542823981524 ], [ -58.457889328026816, -34.568295246976675 ], [ -58.452997328026811, -34.565415246976677 ], [ -58.452686234385979, -34.565296442981889 ], [ -58.452353379599288, -34.565286376526572 ], [ -58.452035675146476, -34.565386163916607 ], [ -58.440533675146476, -34.571252163916604 ], [ -58.44028316672452, -34.571433626999543 ], [ -58.440100099090358, -34.571682965246239 ], [ -58.440001988763015, -34.571976321145463 ], [ -58.439998223264325, -34.572285625430858 ], [ -58.440089162889713, -34.572581282841519 ], [ -58.440266106233892, -34.572835003894824 ], [ -58.442859106233897, -34.57554000389483 ], [ -58.443093519907265, -34.575721134101492 ], [ -58.443370713820599, -34.575825639873756 ], [ -58.443666362012074, -34.575844350002207 ], [ -58.443954519010745, -34.575775622524851 ], [ -58.447334519010745, -34.574414622524849 ], [ -58.447346758413843, -34.574409599829913 ], [ -58.452691571905632, -34.572174820776162 ], [ -58.457813014741497, -34.570552303254956 ] ] ] ] } },
{ "type": "Feature", "properties": { "id": null, "Name": "Polígono 7", "descriptio": null, "timestamp": null, "begin": null, "end": null, "altitudeMo": null, "tessellate": -1, "extrude": 0, "visibility": -1, "drawOrder": null, "icon": null, "layer": "Zonas Flash — Comuna 13", "path": "C:/Users/User/Downloads/Zonas Flash.kml|layername=Comuna 13|geometrytype=Polygon25D|uniqueGeometryType=yes" }, "geometry": { "type": "MultiPolygon", "coordinates": [ [ [ [ -58.46925045213068, -34.557936704427085 ], [ -58.469232868321065, -34.557927339307767 ], [ -58.462944868321067, -34.554658339307771 ], [ -58.462631777331332, -34.554556639192647 ], [ -58.462302628529969, -34.554562111653844 ], [ -58.461993091404352, -34.554674163646851 ], [ -58.461736710146504, -34.554880652222543 ], [ -58.453641203650299, -34.563973774819431 ], [ -58.451838565505291, -34.565062635438075 ], [ -58.451613482302101, -34.565248330410611 ], [ -58.45145158676312, -34.565491095535045 ], [ -58.451366663495556, -34.565770260557585 ], [ -58.451365943297048, -34.566062055952507 ], [ -58.451449487488965, -34.566341636780145 ], [ -58.451610182695134, -34.566585198111021 ], [ -58.451834346510786, -34.566772001898286 ], [ -58.456191234272666, -34.569433166529564 ], [ -58.456225478477961, -34.56962945920634 ], [ -58.456318318154395, -34.569909078801274 ], [ -58.456488613537282, -34.570149507181384 ], [ -58.456721581910543, -34.570329873642947 ], [ -58.456997000146217, -34.570434521236571 ], [ -58.457290960199877, -34.570454365889404 ], [ -58.457577944480036, -34.570387684960089 ], [ -58.463357988127491, -34.568104810578319 ], [ -58.468004371349515, -34.566835437842407 ], [ -58.471925226580645, -34.567005658930441 ], [ -58.472245575590463, -34.566967476954808 ], [ -58.472537096606537, -34.566829285607234 ], [ -58.472769447727565, -34.566605468029913 ], [ -58.472918445534866, -34.566319319458756 ], [ -58.472968582135323, -34.56600062262374 ], [ -58.472914639243804, -34.565682547922115 ], [ -58.472762231309346, -34.565398200998672 ], [ -58.472527221155737, -34.565177177065451 ], [ -58.468327732763605, -34.562348797283057 ], [ -58.468411178403073, -34.562250564403591 ], [ -58.468529981111999, -34.561962998742565 ], [ -58.468554649459755, -34.561652838194355 ], [ -58.468482795350639, -34.561350108810174 ], [ -58.46845756926551, -34.56130854082096 ], [ -58.469836177712914, -34.559598148201303 ], [ -58.469983736577788, -34.559347788333973 ], [ -58.470053079798845, -34.559065573523128 ], [ -58.470038351085762, -34.55877533784858 ], [ -58.469940794332587, -34.558501592781624 ], [ -58.469768648566301, -34.558267457101046 ], [ -58.469536452130683, -34.558092704427089 ], [ -58.46925045213068, -34.557936704427085 ] ] ] ] } },
{ "type": "Feature", "properties": { "id": null, "Name": "Polígono 7", "descriptio": null, "timestamp": null, "begin": null, "end": null, "altitudeMo": null, "tessellate": -1, "extrude": 0, "visibility": -1, "drawOrder": null, "icon": null, "layer": "Zonas Flash — Comuna 13", "path": "C:/Users/User/Downloads/Zonas Flash.kml|layername=Comuna 13|geometrytype=Polygon25D|uniqueGeometryType=yes" }, "geometry": { "type": "MultiPolygon", "coordinates": [ [ [ [ -58.46925045213068, -34.557936704427085 ], [ -58.469232868321065, -34.557927339307767 ], [ -58.462944868321067, -34.554658339307771 ], [ -58.462631777331332, -34.554556639192647 ], [ -58.462302628529969, -34.554562111653844 ], [ -58.461993091404352, -34.554674163646851 ], [ -58.461736710146504, -34.554880652222543 ], [ -58.453641203650299, -34.563973774819431 ], [ -58.451838565505291, -34.565062635438075 ], [ -58.451613482302101, -34.565248330410611 ], [ -58.45145158676312, -34.565491095535045 ], [ -58.451366663495556, -34.565770260557585 ], [ -58.451365943297048, -34.566062055952507 ], [ -58.451449487488965, -34.566341636780145 ], [ -58.451610182695134, -34.566585198111021 ], [ -58.451834346510786, -34.566772001898286 ], [ -58.456191234272666, -34.569433166529564 ], [ -58.456225478477961, -34.56962945920634 ], [ -58.456318318154395, -34.569909078801274 ], [ -58.456488613537282, -34.570149507181384 ], [ -58.456721581910543, -34.570329873642947 ], [ -58.456997000146217, -34.570434521236571 ], [ -58.457290960199877, -34.570454365889404 ], [ -58.457577944480036, -34.570387684960089 ], [ -58.463357988127491, -34.568104810578319 ], [ -58.468004371349515, -34.566835437842407 ], [ -58.471925226580645, -34.567005658930441 ], [ -58.472245575590463, -34.566967476954808 ], [ -58.472537096606537, -34.566829285607234 ], [ -58.472769447727565, -34.566605468029913 ], [ -58.472918445534866, -34.566319319458756 ], [ -58.472968582135323, -34.56600062262374 ], [ -58.472914639243804, -34.565682547922115 ], [ -58.472762231309346, -34.565398200998672 ], [ -58.472527221155737, -34.565177177065451 ], [ -58.468327732763605, -34.562348797283057 ], [ -58.468411178403073, -34.562250564403591 ], [ -58.468529981111999, -34.561962998742565 ], [ -58.468554649459755, -34.561652838194355 ], [ -58.468482795350639, -34.561350108810174 ], [ -58.46845756926551, -34.56130854082096 ], [ -58.469836177712914, -34.559598148201303 ], [ -58.469983736577788, -34.559347788333973 ], [ -58.470053079798845, -34.559065573523128 ], [ -58.470038351085762, -34.55877533784858 ], [ -58.469940794332587, -34.558501592781624 ], [ -58.469768648566301, -34.558267457101046 ], [ -58.469536452130683, -34.558092704427089 ], [ -58.46925045213068, -34.557936704427085 ] ] ] ] } },
{ "type": "Feature", "properties": { "id": null, "Name": "Polígono 7", "descriptio": null, "timestamp": null, "begin": null, "end": null, "altitudeMo": null, "tessellate": -1, "extrude": 0, "visibility": -1, "drawOrder": null, "icon": null, "layer": "Zonas Flash — Comuna 13", "path": "C:/Users/User/Downloads/Zonas Flash.kml|layername=Comuna 13|geometrytype=Polygon25D|uniqueGeometryType=yes" }, "geometry": { "type": "MultiPolygon", "coordinates": [ [ [ [ -58.46925045213068, -34.557936704427085 ], [ -58.469232868321065, -34.557927339307767 ], [ -58.462944868321067, -34.554658339307771 ], [ -58.462631777331332, -34.554556639192647 ], [ -58.462302628529969, -34.554562111653844 ], [ -58.461993091404352, -34.554674163646851 ], [ -58.461736710146504, -34.554880652222543 ], [ -58.453641203650299, -34.563973774819431 ], [ -58.451838565505291, -34.565062635438075 ], [ -58.451613482302101, -34.565248330410611 ], [ -58.45145158676312, -34.565491095535045 ], [ -58.451366663495556, -34.565770260557585 ], [ -58.451365943297048, -34.566062055952507 ], [ -58.451449487488965, -34.566341636780145 ], [ -58.451610182695134, -34.566585198111021 ], [ -58.451834346510786, -34.566772001898286 ], [ -58.456191234272666, -34.569433166529564 ], [ -58.456225478477961, -34.56962945920634 ], [ -58.456318318154395, -34.569909078801274 ], [ -58.456488613537282, -34.570149507181384 ], [ -58.456721581910543, -34.570329873642947 ], [ -58.456997000146217, -34.570434521236571 ], [ -58.457290960199877, -34.570454365889404 ], [ -58.457577944480036, -34.570387684960089 ], [ -58.463357988127491, -34.568104810578319 ], [ -58.468004371349515, -34.566835437842407 ], [ -58.471925226580645, -34.567005658930441 ], [ -58.472245575590463, -34.566967476954808 ], [ -58.472537096606537, -34.566829285607234 ], [ -58.472769447727565, -34.566605468029913 ], [ -58.472918445534866, -34.566319319458756 ], [ -58.472968582135323, -34.56600062262374 ], [ -58.472914639243804, -34.565682547922115 ], [ -58.472762231309346, -34.565398200998672 ], [ -58.472527221155737, -34.565177177065451 ], [ -58.468327732763605, -34.562348797283057 ], [ -58.468411178403073, -34.562250564403591 ], [ -58.468529981111999, -34.561962998742565 ], [ -58.468554649459755, -34.561652838194355 ], [ -58.468482795350639, -34.561350108810174 ], [ -58.46845756926551, -34.56130854082096 ], [ -58.469836177712914, -34.559598148201303 ], [ -58.469983736577788, -34.559347788333973 ], [ -58.470053079798845, -34.559065573523128 ], [ -58.470038351085762, -34.55877533784858 ], [ -58.469940794332587, -34.558501592781624 ], [ -58.469768648566301, -34.558267457101046 ], [ -58.469536452130683, -34.558092704427089 ], [ -58.46925045213068, -34.557936704427085 ] ] ] ] } },
{ "type": "Feature", "properties": { "id": null, "Name": "Polígono 1", "descriptio": null, "timestamp": null, "begin": null, "end": null, "altitudeMo": null, "tessellate": -1, "extrude": 0, "visibility": -1, "drawOrder": null, "icon": null, "layer": "Zonas Flash — Comuna 14", "path": "C:/Users/User/Downloads/Zonas Flash.kml|layername=Comuna 14|geometrytype=Polygon25D|uniqueGeometryType=yes" }, "geometry": { "type": "MultiPolygon", "coordinates": [ [ [ [ -58.445341493787623, -34.585351853304651 ], [ -58.445569567872589, -34.585142820214919 ], [ -58.445722836048105, -34.584874079657496 ], [ -58.445786628615416, -34.584571353495441 ], [ -58.445754839820694, -34.584263616443131 ], [ -58.44539763982069, -34.582911316443131 ], [ -58.445226017539767, -34.582560375776133 ], [ -58.444186017539771, -34.58119637577613 ], [ -58.444072086865972, -34.581070683465853 ], [ -58.440580086865971, -34.577820683465859 ], [ -58.440285653772705, -34.577630558926984 ], [ -58.439943700263477, -34.577553708525393 ], [ -58.439596231287311, -34.577599572425072 ], [ -58.439285929303153, -34.577762516787736 ], [ -58.432349029303154, -34.583142816787735 ], [ -58.432138461163582, -34.583365594957129 ], [ -58.432005270792629, -34.583641691641724 ], [ -58.431961973963475, -34.583945162297212 ], [ -58.432012639238202, -34.584247490073139 ], [ -58.432152505648858, -34.58452026551435 ], [ -58.432368430081141, -34.584737856170634 ], [ -58.437025215327232, -34.588171590125825 ], [ -58.437289000775735, -34.589127905049999 ], [ -58.437418650033131, -34.58941323509756 ], [ -58.437630250951464, -34.589644421639875 ], [ -58.437903019630205, -34.589798757034004 ], [ -58.438210164138923, -34.58986108212325 ], [ -58.438521516078701, -34.589825275202358 ], [ -58.438806493787624, -34.58969485330465 ], [ -58.445341493787623, -34.585351853304651 ] ] ] ] } },
{ "type": "Feature", "properties": { "id": null, "Name": "Polígono 1", "descriptio": null, "timestamp": null, "begin": null, "end": null, "altitudeMo": null, "tessellate": -1, "extrude": 0, "visibility": -1, "drawOrder": null, "icon": null, "layer": "Zonas Flash — Comuna 14", "path": "C:/Users/User/Downloads/Zonas Flash.kml|layername=Comuna 14|geometrytype=Polygon25D|uniqueGeometryType=yes" }, "geometry": { "type": "MultiPolygon", "coordinates": [ [ [ [ -58.445341493787623, -34.585351853304651 ], [ -58.445569567872589, -34.585142820214919 ], [ -58.445722836048105, -34.584874079657496 ], [ -58.445786628615416, -34.584571353495441 ], [ -58.445754839820694, -34.584263616443131 ], [ -58.44539763982069, -34.582911316443131 ], [ -58.445226017539767, -34.582560375776133 ], [ -58.444186017539771, -34.58119637577613 ], [ -58.444072086865972, -34.581070683465853 ], [ -58.440580086865971, -34.577820683465859 ], [ -58.440285653772705, -34.577630558926984 ], [ -58.439943700263477, -34.577553708525393 ], [ -58.439596231287311, -34.577599572425072 ], [ -58.439285929303153, -34.577762516787736 ], [ -58.432349029303154, -34.583142816787735 ], [ -58.432138461163582, -34.583365594957129 ], [ -58.432005270792629, -34.583641691641724 ], [ -58.431961973963475, -34.583945162297212 ], [ -58.432012639238202, -34.584247490073139 ], [ -58.432152505648858, -34.58452026551435 ], [ -58.432368430081141, -34.584737856170634 ], [ -58.437025215327232, -34.588171590125825 ], [ -58.437289000775735, -34.589127905049999 ], [ -58.437418650033131, -34.58941323509756 ], [ -58.437630250951464, -34.589644421639875 ], [ -58.437903019630205, -34.589798757034004 ], [ -58.438210164138923, -34.58986108212325 ], [ -58.438521516078701, -34.589825275202358 ], [ -58.438806493787624, -34.58969485330465 ], [ -58.445341493787623, -34.585351853304651 ] ] ] ] } },
{ "type": "Feature", "properties": { "id": null, "Name": "Polígono 1", "descriptio": null, "timestamp": null, "begin": null, "end": null, "altitudeMo": null, "tessellate": -1, "extrude": 0, "visibility": -1, "drawOrder": null, "icon": null, "layer": "Zonas Flash — Comuna 14", "path": "C:/Users/User/Downloads/Zonas Flash.kml|layername=Comuna 14|geometrytype=Polygon25D|uniqueGeometryType=yes" }, "geometry": { "type": "MultiPolygon", "coordinates": [ [ [ [ -58.445341493787623, -34.585351853304651 ], [ -58.445569567872589, -34.585142820214919 ], [ -58.445722836048105, -34.584874079657496 ], [ -58.445786628615416, -34.584571353495441 ], [ -58.445754839820694, -34.584263616443131 ], [ -58.44539763982069, -34.582911316443131 ], [ -58.445226017539767, -34.582560375776133 ], [ -58.444186017539771, -34.58119637577613 ], [ -58.444072086865972, -34.581070683465853 ], [ -58.440580086865971, -34.577820683465859 ], [ -58.440285653772705, -34.577630558926984 ], [ -58.439943700263477, -34.577553708525393 ], [ -58.439596231287311, -34.577599572425072 ], [ -58.439285929303153, -34.577762516787736 ], [ -58.432349029303154, -34.583142816787735 ], [ -58.432138461163582, -34.583365594957129 ], [ -58.432005270792629, -34.583641691641724 ], [ -58.431961973963475, -34.583945162297212 ], [ -58.432012639238202, -34.584247490073139 ], [ -58.432152505648858, -34.58452026551435 ], [ -58.432368430081141, -34.584737856170634 ], [ -58.437025215327232, -34.588171590125825 ], [ -58.437289000775735, -34.589127905049999 ], [ -58.437418650033131, -34.58941323509756 ], [ -58.437630250951464, -34.589644421639875 ], [ -58.437903019630205, -34.589798757034004 ], [ -58.438210164138923, -34.58986108212325 ], [ -58.438521516078701, -34.589825275202358 ], [ -58.438806493787624, -34.58969485330465 ], [ -58.445341493787623, -34.585351853304651 ] ] ] ] } },
{ "type": "Feature", "properties": { "id": null, "Name": "Polígono 2", "descriptio": null, "timestamp": null, "begin": null, "end": null, "altitudeMo": null, "tessellate": -1, "extrude": 0, "visibility": -1, "drawOrder": null, "icon": null, "layer": "Zonas Flash — Comuna 14", "path": "C:/Users/User/Downloads/Zonas Flash.kml|layername=Comuna 14|geometrytype=Polygon25D|uniqueGeometryType=yes" }, "geometry": { "type": "MultiPolygon", "coordinates": [ [ [ [ -58.438806667478758, -34.589694737847687 ], [ -58.439036361844451, -34.589483565942331 ], [ -58.439189793525557, -34.58921188268102 ], [ -58.439252025476087, -34.588906137264736 ], [ -58.439216999224271, -34.588596094949999 ], [ -58.43886119922427, -34.587306194950003 ], [ -58.438721241631569, -34.587005570751472 ], [ -58.438490669918863, -34.586767243829371 ], [ -58.433555369918864, -34.58312814382937 ], [ -58.43328061728004, -34.582985150172547 ], [ -58.432975288116999, -34.582933089624859 ], [ -58.432668674548907, -34.582976956677328 ], [ -58.432390191915879, -34.583112542891712 ], [ -58.423249191915879, -34.589482142891711 ], [ -58.423015910136627, -34.589709311436259 ], [ -58.42286797816125, -34.589999383956197 ], [ -58.422821080615904, -34.590321605241037 ], [ -58.422880189856762, -34.590641811477404 ], [ -58.423039038771208, -34.59092605249932 ], [ -58.423280785254384, -34.591144191386348 ], [ -58.429521885254381, -34.595149591386345 ], [ -58.429784453240515, -34.595268712129773 ], [ -58.430070094160278, -34.595307967241745 ], [ -58.430355062198743, -34.595264093378113 ], [ -58.430615667478754, -34.595140737847686 ], [ -58.438806667478758, -34.589694737847687 ] ] ] ] } },
{ "type": "Feature", "properties": { "id": null, "Name": "Polígono 2", "descriptio": null, "timestamp": null, "begin": null, "end": null, "altitudeMo": null, "tessellate": -1, "extrude": 0, "visibility": -1, "drawOrder": null, "icon": null, "layer": "Zonas Flash — Comuna 14", "path": "C:/Users/User/Downloads/Zonas Flash.kml|layername=Comuna 14|geometrytype=Polygon25D|uniqueGeometryType=yes" }, "geometry": { "type": "MultiPolygon", "coordinates": [ [ [ [ -58.438806667478758, -34.589694737847687 ], [ -58.439036361844451, -34.589483565942331 ], [ -58.439189793525557, -34.58921188268102 ], [ -58.439252025476087, -34.588906137264736 ], [ -58.439216999224271, -34.588596094949999 ], [ -58.43886119922427, -34.587306194950003 ], [ -58.438721241631569, -34.587005570751472 ], [ -58.438490669918863, -34.586767243829371 ], [ -58.433555369918864, -34.58312814382937 ], [ -58.43328061728004, -34.582985150172547 ], [ -58.432975288116999, -34.582933089624859 ], [ -58.432668674548907, -34.582976956677328 ], [ -58.432390191915879, -34.583112542891712 ], [ -58.423249191915879, -34.589482142891711 ], [ -58.423015910136627, -34.589709311436259 ], [ -58.42286797816125, -34.589999383956197 ], [ -58.422821080615904, -34.590321605241037 ], [ -58.422880189856762, -34.590641811477404 ], [ -58.423039038771208, -34.59092605249932 ], [ -58.423280785254384, -34.591144191386348 ], [ -58.429521885254381, -34.595149591386345 ], [ -58.429784453240515, -34.595268712129773 ], [ -58.430070094160278, -34.595307967241745 ], [ -58.430355062198743, -34.595264093378113 ], [ -58.430615667478754, -34.595140737847686 ], [ -58.438806667478758, -34.589694737847687 ] ] ] ] } },
{ "type": "Feature", "properties": { "id": null, "Name": "Polígono 3", "descriptio": null, "timestamp": null, "begin": null, "end": null, "altitudeMo": null, "tessellate": -1, "extrude": 0, "visibility": -1, "drawOrder": null, "icon": null, "layer": "Zonas Flash — Comuna 14", "path": "C:/Users/User/Downloads/Zonas Flash.kml|layername=Comuna 14|geometrytype=Polygon25D|uniqueGeometryType=yes" }, "geometry": { "type": "MultiPolygon", "coordinates": [ [ [ [ -58.430585141391475, -34.595160245906136 ], [ -58.430837357219104, -34.594939522907566 ], [ -58.43100247603379, -34.594647860015108 ], [ -58.431061949797048, -34.594318020148982 ], [ -58.431009097733877, -34.593987054704833 ], [ -58.430849856794005, -34.593692141516136 ], [ -58.430602114745618, -34.593466408613651 ], [ -58.424361014745621, -34.589461008613654 ], [ -58.424066840895982, -34.589333315173086 ], [ -58.423747373533153, -34.58930530673387 ], [ -58.423435467916626, -34.589379863792246 ], [ -58.423163201626622, -34.589549318611901 ], [ -58.422022918128938, -34.590544912839327 ], [ -58.417840159999393, -34.590609920753103 ], [ -58.41754507528605, -34.59065926736664 ], [ -58.417277794614563, -34.590793696228729 ], [ -58.413819094614567, -34.59324289622873 ], [ -58.413580792075692, -34.59348124172503 ], [ -58.413435208043651, -34.59378521864069 ], [ -58.413398880380512, -34.594120296208622 ], [ -58.413475935788036, -34.594448410731026 ], [ -58.415082935788035, -34.598249410731022 ], [ -58.415236794956265, -34.598501401918348 ], [ -58.41545753307765, -34.598697480688003 ], [ -58.415725907924056, -34.598820554421827 ], [ -58.41601852466912, -34.598859894511428 ], [ -58.423384524669117, -34.598752894511428 ], [ -58.423767036864362, -34.598670802663065 ], [ -58.427424036864366, -34.597088802663066 ], [ -58.427550141391478, -34.597023245906136 ], [ -58.430585141391475, -34.595160245906136 ] ] ] ] } },
{ "type": "Feature", "properties": { "id": null, "Name": "Polígono 3", "descriptio": null, "timestamp": null, "begin": null, "end": null, "altitudeMo": null, "tessellate": -1, "extrude": 0, "visibility": -1, "drawOrder": null, "icon": null, "layer": "Zonas Flash — Comuna 14", "path": "C:/Users/User/Downloads/Zonas Flash.kml|layername=Comuna 14|geometrytype=Polygon25D|uniqueGeometryType=yes" }, "geometry": { "type": "MultiPolygon", "coordinates": [ [ [ [ -58.430585141391475, -34.595160245906136 ], [ -58.430837357219104, -34.594939522907566 ], [ -58.43100247603379, -34.594647860015108 ], [ -58.431061949797048, -34.594318020148982 ], [ -58.431009097733877, -34.593987054704833 ], [ -58.430849856794005, -34.593692141516136 ], [ -58.430602114745618, -34.593466408613651 ], [ -58.424361014745621, -34.589461008613654 ], [ -58.424066840895982, -34.589333315173086 ], [ -58.423747373533153, -34.58930530673387 ], [ -58.423435467916626, -34.589379863792246 ], [ -58.423163201626622, -34.589549318611901 ], [ -58.422022918128938, -34.590544912839327 ], [ -58.417840159999393, -34.590609920753103 ], [ -58.41754507528605, -34.59065926736664 ], [ -58.417277794614563, -34.590793696228729 ], [ -58.413819094614567, -34.59324289622873 ], [ -58.413580792075692, -34.59348124172503 ], [ -58.413435208043651, -34.59378521864069 ], [ -58.413398880380512, -34.594120296208622 ], [ -58.413475935788036, -34.594448410731026 ], [ -58.415082935788035, -34.598249410731022 ], [ -58.415236794956265, -34.598501401918348 ], [ -58.41545753307765, -34.598697480688003 ], [ -58.415725907924056, -34.598820554421827 ], [ -58.41601852466912, -34.598859894511428 ], [ -58.423384524669117, -34.598752894511428 ], [ -58.423767036864362, -34.598670802663065 ], [ -58.427424036864366, -34.597088802663066 ], [ -58.427550141391478, -34.597023245906136 ], [ -58.430585141391475, -34.595160245906136 ] ] ] ] } },
{ "type": "Feature", "properties": { "id": null, "Name": "Polígono 3", "descriptio": null, "timestamp": null, "begin": null, "end": null, "altitudeMo": null, "tessellate": -1, "extrude": 0, "visibility": -1, "drawOrder": null, "icon": null, "layer": "Zonas Flash — Comuna 14", "path": "C:/Users/User/Downloads/Zonas Flash.kml|layername=Comuna 14|geometrytype=Polygon25D|uniqueGeometryType=yes" }, "geometry": { "type": "MultiPolygon", "coordinates": [ [ [ [ -58.430585141391475, -34.595160245906136 ], [ -58.430837357219104, -34.594939522907566 ], [ -58.43100247603379, -34.594647860015108 ], [ -58.431061949797048, -34.594318020148982 ], [ -58.431009097733877, -34.593987054704833 ], [ -58.430849856794005, -34.593692141516136 ], [ -58.430602114745618, -34.593466408613651 ], [ -58.424361014745621, -34.589461008613654 ], [ -58.424066840895982, -34.589333315173086 ], [ -58.423747373533153, -34.58930530673387 ], [ -58.423435467916626, -34.589379863792246 ], [ -58.423163201626622, -34.589549318611901 ], [ -58.422022918128938, -34.590544912839327 ], [ -58.417840159999393, -34.590609920753103 ], [ -58.41754507528605, -34.59065926736664 ], [ -58.417277794614563, -34.590793696228729 ], [ -58.413819094614567, -34.59324289622873 ], [ -58.413580792075692, -34.59348124172503 ], [ -58.413435208043651, -34.59378521864069 ], [ -58.413398880380512, -34.594120296208622 ], [ -58.413475935788036, -34.594448410731026 ], [ -58.415082935788035, -34.598249410731022 ], [ -58.415236794956265, -34.598501401918348 ], [ -58.41545753307765, -34.598697480688003 ], [ -58.415725907924056, -34.598820554421827 ], [ -58.41601852466912, -34.598859894511428 ], [ -58.423384524669117, -34.598752894511428 ], [ -58.423767036864362, -34.598670802663065 ], [ -58.427424036864366, -34.597088802663066 ], [ -58.427550141391478, -34.597023245906136 ], [ -58.430585141391475, -34.595160245906136 ] ] ] ] } },
{ "type": "Feature", "properties": { "id": null, "Name": "Polígono 3", "descriptio": null, "timestamp": null, "begin": null, "end": null, "altitudeMo": null, "tessellate": -1, "extrude": 0, "visibility": -1, "drawOrder": null, "icon": null, "layer": "Zonas Flash — Comuna 14", "path": "C:/Users/User/Downloads/Zonas Flash.kml|layername=Comuna 14|geometrytype=Polygon25D|uniqueGeometryType=yes" }, "geometry": { "type": "MultiPolygon", "coordinates": [ [ [ [ -58.430585141391475, -34.595160245906136 ], [ -58.430837357219104, -34.594939522907566 ], [ -58.43100247603379, -34.594647860015108 ], [ -58.431061949797048, -34.594318020148982 ], [ -58.431009097733877, -34.593987054704833 ], [ -58.430849856794005, -34.593692141516136 ], [ -58.430602114745618, -34.593466408613651 ], [ -58.424361014745621, -34.589461008613654 ], [ -58.424066840895982, -34.589333315173086 ], [ -58.423747373533153, -34.58930530673387 ], [ -58.423435467916626, -34.589379863792246 ], [ -58.423163201626622, -34.589549318611901 ], [ -58.422022918128938, -34.590544912839327 ], [ -58.417840159999393, -34.590609920753103 ], [ -58.41754507528605, -34.59065926736664 ], [ -58.417277794614563, -34.590793696228729 ], [ -58.413819094614567, -34.59324289622873 ], [ -58.413580792075692, -34.59348124172503 ], [ -58.413435208043651, -34.59378521864069 ], [ -58.413398880380512, -34.594120296208622 ], [ -58.413475935788036, -34.594448410731026 ], [ -58.415082935788035, -34.598249410731022 ], [ -58.415236794956265, -34.598501401918348 ], [ -58.41545753307765, -34.598697480688003 ], [ -58.415725907924056, -34.598820554421827 ], [ -58.41601852466912, -34.598859894511428 ], [ -58.423384524669117, -34.598752894511428 ], [ -58.423767036864362, -34.598670802663065 ], [ -58.427424036864366, -34.597088802663066 ], [ -58.427550141391478, -34.597023245906136 ], [ -58.430585141391475, -34.595160245906136 ] ] ] ] } },
{ "type": "Feature", "properties": { "id": null, "Name": "Polígono 4", "descriptio": null, "timestamp": null, "begin": null, "end": null, "altitudeMo": null, "tessellate": -1, "extrude": 0, "visibility": -1, "drawOrder": null, "icon": null, "layer": "Zonas Flash — Comuna 14", "path": "C:/Users/User/Downloads/Zonas Flash.kml|layername=Comuna 14|geometrytype=Polygon25D|uniqueGeometryType=yes" }, "geometry": { "type": "MultiPolygon", "coordinates": [ [ [ [ -58.444274611340219, -34.576337643621677 ], [ -58.444509936038287, -34.576114817681557 ], [ -58.444661643274337, -34.575828436768013 ], [ -58.444713799371918, -34.575508579214407 ], [ -58.444660926422351, -34.575188839375926 ], [ -58.444508577624639, -34.574902799244214 ], [ -58.44427275403789, -34.574680501360632 ], [ -58.443978224004269, -34.574545293474735 ], [ -58.443655921751997, -34.57451137635087 ], [ -58.438787764056734, -34.574793609911737 ], [ -58.435936505885813, -34.574676473761095 ], [ -58.43423193748059, -34.574553876452114 ], [ -58.43399552898461, -34.574564951452736 ], [ -58.43376834398105, -34.57463127344581 ], [ -58.431432668113743, -34.575626080218235 ], [ -58.428926670371851, -34.576387825142795 ], [ -58.428901823611483, -34.576395733087452 ], [ -58.426165323611485, -34.577306133087447 ], [ -58.425876338610308, -34.577458517354984 ], [ -58.425651891112153, -34.577695912840348 ], [ -58.425515937138258, -34.577992981540952 ], [ -58.425482987504346, -34.578318016335281 ], [ -58.425556559033438, -34.578636325188448 ], [ -58.425728799193763, -34.57891393394744 ], [ -58.428390199193764, -34.581952033947445 ], [ -58.428573826328972, -34.582115732348392 ], [ -58.43239332632897, -34.58475563234839 ], [ -58.432677235812363, -34.584891627299989 ], [ -58.43298935529517, -34.58493262303233 ], [ -58.433298753979599, -34.58487455690026 ], [ -58.43357477069685, -34.584723183212269 ], [ -58.44051167069685, -34.57934288321227 ], [ -58.440576685932804, -34.579287867098088 ], [ -58.44239672304608, -34.577609639713494 ], [ -58.444274611340219, -34.576337643621677 ] ] ] ] } },
{ "type": "Feature", "properties": { "id": null, "Name": "Polígono 4", "descriptio": null, "timestamp": null, "begin": null, "end": null, "altitudeMo": null, "tessellate": -1, "extrude": 0, "visibility": -1, "drawOrder": null, "icon": null, "layer": "Zonas Flash — Comuna 14", "path": "C:/Users/User/Downloads/Zonas Flash.kml|layername=Comuna 14|geometrytype=Polygon25D|uniqueGeometryType=yes" }, "geometry": { "type": "MultiPolygon", "coordinates": [ [ [ [ -58.444274611340219, -34.576337643621677 ], [ -58.444509936038287, -34.576114817681557 ], [ -58.444661643274337, -34.575828436768013 ], [ -58.444713799371918, -34.575508579214407 ], [ -58.444660926422351, -34.575188839375926 ], [ -58.444508577624639, -34.574902799244214 ], [ -58.44427275403789, -34.574680501360632 ], [ -58.443978224004269, -34.574545293474735 ], [ -58.443655921751997, -34.57451137635087 ], [ -58.438787764056734, -34.574793609911737 ], [ -58.435936505885813, -34.574676473761095 ], [ -58.43423193748059, -34.574553876452114 ], [ -58.43399552898461, -34.574564951452736 ], [ -58.43376834398105, -34.57463127344581 ], [ -58.431432668113743, -34.575626080218235 ], [ -58.428926670371851, -34.576387825142795 ], [ -58.428901823611483, -34.576395733087452 ], [ -58.426165323611485, -34.577306133087447 ], [ -58.425876338610308, -34.577458517354984 ], [ -58.425651891112153, -34.577695912840348 ], [ -58.425515937138258, -34.577992981540952 ], [ -58.425482987504346, -34.578318016335281 ], [ -58.425556559033438, -34.578636325188448 ], [ -58.425728799193763, -34.57891393394744 ], [ -58.428390199193764, -34.581952033947445 ], [ -58.428573826328972, -34.582115732348392 ], [ -58.43239332632897, -34.58475563234839 ], [ -58.432677235812363, -34.584891627299989 ], [ -58.43298935529517, -34.58493262303233 ], [ -58.433298753979599, -34.58487455690026 ], [ -58.43357477069685, -34.584723183212269 ], [ -58.44051167069685, -34.57934288321227 ], [ -58.440576685932804, -34.579287867098088 ], [ -58.44239672304608, -34.577609639713494 ], [ -58.444274611340219, -34.576337643621677 ] ] ] ] } },
{ "type": "Feature", "properties": { "id": null, "Name": "Polígono 5", "descriptio": null, "timestamp": null, "begin": null, "end": null, "altitudeMo": null, "tessellate": -1, "extrude": 0, "visibility": -1, "drawOrder": null, "icon": null, "layer": "Zonas Flash — Comuna 14", "path": "C:/Users/User/Downloads/Zonas Flash.kml|layername=Comuna 14|geometrytype=Polygon25D|uniqueGeometryType=yes" }, "geometry": { "type": "MultiPolygon", "coordinates": [ [ [ [ -58.433533608084126, -34.584753457108292 ], [ -58.433763495308206, -34.58453086701018 ], [ -58.433911303591465, -34.584247058625927 ], [ -58.43396189818047, -34.583931092369603 ], [ -58.433910098468218, -34.583615321444121 ], [ -58.4337612084597, -34.583332079051573 ], [ -58.433530473671034, -34.583110367651614 ], [ -58.429812931728449, -34.580540937366436 ], [ -58.427233200806242, -34.577596066052557 ], [ -58.427019230747582, -34.577412202478435 ], [ -58.426762423442014, -34.577295416316161 ], [ -58.426483217926148, -34.577255002459601 ], [ -58.426203835887755, -34.577294177407175 ], [ -58.425946513063863, -34.577409823263984 ], [ -58.420024913063862, -34.581154623263984 ], [ -58.419982229193117, -34.581183176549636 ], [ -58.415433129193119, -34.584398376549636 ], [ -58.415202687471329, -34.584625286507247 ], [ -58.415056715168262, -34.584913875493072 ], [ -58.415010479748382, -34.585233959547587 ], [ -58.41506881704435, -34.585552060594274 ], [ -58.415225625469944, -34.585834907962422 ], [ -58.415464504194205, -34.586052918216993 ], [ -58.423275104194204, -34.591140518216996 ], [ -58.423543720475173, -34.591263418146696 ], [ -58.423836523191781, -34.591302477950492 ], [ -58.424127962642743, -34.591254289305098 ], [ -58.424392608084126, -34.591123057108291 ], [ -58.433533608084126, -34.584753457108292 ] ] ] ] } },
{ "type": "Feature", "properties": { "id": null, "Name": "Polígono 6", "descriptio": null, "timestamp": null, "begin": null, "end": null, "altitudeMo": null, "tessellate": -1, "extrude": 0, "visibility": -1, "drawOrder": null, "icon": null, "layer": "Zonas Flash — Comuna 14", "path": "C:/Users/User/Downloads/Zonas Flash.kml|layername=Comuna 14|geometrytype=Polygon25D|uniqueGeometryType=yes" }, "geometry": { "type": "MultiPolygon", "coordinates": [ [ [ [ -58.424478598373383, -34.591055881388101 ], [ -58.424675877963132, -34.59082126432552 ], [ -58.424792820059352, -34.590537911279455 ], [ -58.424818436267834, -34.590232447349592 ], [ -58.424750319576859, -34.589933575271615 ], [ -58.424594870530591, -34.589669378381785 ], [ -58.424366695805801, -34.589464681783006 ], [ -58.416556095805802, -34.584377081783003 ], [ -58.416295334099104, -34.58425648262282 ], [ -58.416011045442673, -34.584215000277844 ], [ -58.415726695256794, -34.584256058735043 ], [ -58.415465754040426, -34.584376268995499 ], [ -58.409540454040425, -34.588223268995499 ], [ -58.409291081633768, -34.588453975635552 ], [ -58.409133337053454, -34.588754855675347 ], [ -58.409085425940795, -34.589091183902305 ], [ -58.409152877820354, -34.589424143952328 ], [ -58.409327907925629, -34.589715308189852 ], [ -58.413639907925628, -34.594712308189855 ], [ -58.413862557135964, -34.594904204605456 ], [ -58.414131380555737, -34.595023077958899 ], [ -58.414423152673457, -34.595058657960344 ], [ -58.414712665281129, -34.595007870607773 ], [ -58.414974905385435, -34.594875103771273 ], [ -58.418180878070913, -34.592604866889992 ], [ -58.422420240000605, -34.592538979246896 ], [ -58.422763190032001, -34.592472633554273 ], [ -58.423062398373382, -34.592292381388098 ], [ -58.424478598373383, -34.591055881388101 ] ] ] ] } },
{ "type": "Feature", "properties": { "id": null, "Name": "Polígono 6", "descriptio": null, "timestamp": null, "begin": null, "end": null, "altitudeMo": null, "tessellate": -1, "extrude": 0, "visibility": -1, "drawOrder": null, "icon": null, "layer": "Zonas Flash — Comuna 14", "path": "C:/Users/User/Downloads/Zonas Flash.kml|layername=Comuna 14|geometrytype=Polygon25D|uniqueGeometryType=yes" }, "geometry": { "type": "MultiPolygon", "coordinates": [ [ [ [ -58.424478598373383, -34.591055881388101 ], [ -58.424675877963132, -34.59082126432552 ], [ -58.424792820059352, -34.590537911279455 ], [ -58.424818436267834, -34.590232447349592 ], [ -58.424750319576859, -34.589933575271615 ], [ -58.424594870530591, -34.589669378381785 ], [ -58.424366695805801, -34.589464681783006 ], [ -58.416556095805802, -34.584377081783003 ], [ -58.416295334099104, -34.58425648262282 ], [ -58.416011045442673, -34.584215000277844 ], [ -58.415726695256794, -34.584256058735043 ], [ -58.415465754040426, -34.584376268995499 ], [ -58.409540454040425, -34.588223268995499 ], [ -58.409291081633768, -34.588453975635552 ], [ -58.409133337053454, -34.588754855675347 ], [ -58.409085425940795, -34.589091183902305 ], [ -58.409152877820354, -34.589424143952328 ], [ -58.409327907925629, -34.589715308189852 ], [ -58.413639907925628, -34.594712308189855 ], [ -58.413862557135964, -34.594904204605456 ], [ -58.414131380555737, -34.595023077958899 ], [ -58.414423152673457, -34.595058657960344 ], [ -58.414712665281129, -34.595007870607773 ], [ -58.414974905385435, -34.594875103771273 ], [ -58.418180878070913, -34.592604866889992 ], [ -58.422420240000605, -34.592538979246896 ], [ -58.422763190032001, -34.592472633554273 ], [ -58.423062398373382, -34.592292381388098 ], [ -58.424478598373383, -34.591055881388101 ] ] ] ] } },
{ "type": "Feature", "properties": { "id": null, "Name": "Polígono 7", "descriptio": null, "timestamp": null, "begin": null, "end": null, "altitudeMo": null, "tessellate": -1, "extrude": 0, "visibility": -1, "drawOrder": null, "icon": null, "layer": "Zonas Flash — Comuna 14", "path": "C:/Users/User/Downloads/Zonas Flash.kml|layername=Comuna 14|geometrytype=Polygon25D|uniqueGeometryType=yes" }, "geometry": { "type": "MultiPolygon", "coordinates": [ [ [ [ -58.449459842167236, -34.568749709404521 ], [ -58.449714770060908, -34.568563023365527 ], [ -58.449898724753012, -34.568306117586339 ], [ -58.449993340223983, -34.568004641516346 ], [ -58.449989170073898, -34.567688694498678 ], [ -58.449886630650148, -34.567389820654547 ], [ -58.449695959479392, -34.567137859521097 ], [ -58.44850585947939, -34.5659968595211 ], [ -58.448321970719483, -34.56585744363872 ], [ -58.443090070719485, -34.562770443638719 ], [ -58.442757932184307, -34.562647315588258 ], [ -58.442403705742642, -34.562647704671434 ], [ -58.442071838496872, -34.562771562067439 ], [ -58.441480438496875, -34.563122262067438 ], [ -58.441327774412848, -34.56323353766544 ], [ -58.440376339969781, -34.564075534813412 ], [ -58.438834523224926, -34.565244549685033 ], [ -58.438794200536016, -34.565276795238752 ], [ -58.438211700536016, -34.565767795238749 ], [ -58.438160081328014, -34.565814473266606 ], [ -58.437623481328018, -34.566334773266604 ], [ -58.437571422393539, -34.566389201492697 ], [ -58.430833722393537, -34.573986801492701 ], [ -58.430664081991701, -34.574253298610017 ], [ -58.430586038523309, -34.574559415902108 ], [ -58.430607380615641, -34.574874603298056 ], [ -58.430725978358204, -34.575167405543496 ], [ -58.430929995864759, -34.575408601390251 ], [ -58.431199072477959, -34.575574119835451 ], [ -58.432193772477959, -34.575986319835451 ], [ -58.432281666268835, -34.576018017710055 ], [ -58.433865266268839, -34.576506817710055 ], [ -58.434107748572799, -34.576549923476485 ], [ -58.438743748572797, -34.576793423476481 ], [ -58.438854078247999, -34.576793123649125 ], [ -58.443771678247998, -34.576508023649126 ], [ -58.444082486117999, -34.576439253950234 ], [ -58.444355934727405, -34.576276291802628 ], [ -58.444564315308902, -34.576035650291672 ], [ -58.444686512490726, -34.575741713815049 ], [ -58.444710143934259, -34.575424267192105 ], [ -58.444632815046326, -34.575115477544237 ], [ -58.444462361625284, -34.574846634774588 ], [ -58.44230741101272, -34.5724138223285 ], [ -58.449459842167236, -34.568749709404521 ] ] ] ] } },
{ "type": "Feature", "properties": { "id": null, "Name": "Polígono 7", "descriptio": null, "timestamp": null, "begin": null, "end": null, "altitudeMo": null, "tessellate": -1, "extrude": 0, "visibility": -1, "drawOrder": null, "icon": null, "layer": "Zonas Flash — Comuna 14", "path": "C:/Users/User/Downloads/Zonas Flash.kml|layername=Comuna 14|geometrytype=Polygon25D|uniqueGeometryType=yes" }, "geometry": { "type": "MultiPolygon", "coordinates": [ [ [ [ -58.449459842167236, -34.568749709404521 ], [ -58.449714770060908, -34.568563023365527 ], [ -58.449898724753012, -34.568306117586339 ], [ -58.449993340223983, -34.568004641516346 ], [ -58.449989170073898, -34.567688694498678 ], [ -58.449886630650148, -34.567389820654547 ], [ -58.449695959479392, -34.567137859521097 ], [ -58.44850585947939, -34.5659968595211 ], [ -58.448321970719483, -34.56585744363872 ], [ -58.443090070719485, -34.562770443638719 ], [ -58.442757932184307, -34.562647315588258 ], [ -58.442403705742642, -34.562647704671434 ], [ -58.442071838496872, -34.562771562067439 ], [ -58.441480438496875, -34.563122262067438 ], [ -58.441327774412848, -34.56323353766544 ], [ -58.440376339969781, -34.564075534813412 ], [ -58.438834523224926, -34.565244549685033 ], [ -58.438794200536016, -34.565276795238752 ], [ -58.438211700536016, -34.565767795238749 ], [ -58.438160081328014, -34.565814473266606 ], [ -58.437623481328018, -34.566334773266604 ], [ -58.437571422393539, -34.566389201492697 ], [ -58.430833722393537, -34.573986801492701 ], [ -58.430664081991701, -34.574253298610017 ], [ -58.430586038523309, -34.574559415902108 ], [ -58.430607380615641, -34.574874603298056 ], [ -58.430725978358204, -34.575167405543496 ], [ -58.430929995864759, -34.575408601390251 ], [ -58.431199072477959, -34.575574119835451 ], [ -58.432193772477959, -34.575986319835451 ], [ -58.432281666268835, -34.576018017710055 ], [ -58.433865266268839, -34.576506817710055 ], [ -58.434107748572799, -34.576549923476485 ], [ -58.438743748572797, -34.576793423476481 ], [ -58.438854078247999, -34.576793123649125 ], [ -58.443771678247998, -34.576508023649126 ], [ -58.444082486117999, -34.576439253950234 ], [ -58.444355934727405, -34.576276291802628 ], [ -58.444564315308902, -34.576035650291672 ], [ -58.444686512490726, -34.575741713815049 ], [ -58.444710143934259, -34.575424267192105 ], [ -58.444632815046326, -34.575115477544237 ], [ -58.444462361625284, -34.574846634774588 ], [ -58.44230741101272, -34.5724138223285 ], [ -58.449459842167236, -34.568749709404521 ] ] ] ] } },
{ "type": "Feature", "properties": { "id": null, "Name": "Polígono 7", "descriptio": null, "timestamp": null, "begin": null, "end": null, "altitudeMo": null, "tessellate": -1, "extrude": 0, "visibility": -1, "drawOrder": null, "icon": null, "layer": "Zonas Flash — Comuna 14", "path": "C:/Users/User/Downloads/Zonas Flash.kml|layername=Comuna 14|geometrytype=Polygon25D|uniqueGeometryType=yes" }, "geometry": { "type": "MultiPolygon", "coordinates": [ [ [ [ -58.449459842167236, -34.568749709404521 ], [ -58.449714770060908, -34.568563023365527 ], [ -58.449898724753012, -34.568306117586339 ], [ -58.449993340223983, -34.568004641516346 ], [ -58.449989170073898, -34.567688694498678 ], [ -58.449886630650148, -34.567389820654547 ], [ -58.449695959479392, -34.567137859521097 ], [ -58.44850585947939, -34.5659968595211 ], [ -58.448321970719483, -34.56585744363872 ], [ -58.443090070719485, -34.562770443638719 ], [ -58.442757932184307, -34.562647315588258 ], [ -58.442403705742642, -34.562647704671434 ], [ -58.442071838496872, -34.562771562067439 ], [ -58.441480438496875, -34.563122262067438 ], [ -58.441327774412848, -34.56323353766544 ], [ -58.440376339969781, -34.564075534813412 ], [ -58.438834523224926, -34.565244549685033 ], [ -58.438794200536016, -34.565276795238752 ], [ -58.438211700536016, -34.565767795238749 ], [ -58.438160081328014, -34.565814473266606 ], [ -58.437623481328018, -34.566334773266604 ], [ -58.437571422393539, -34.566389201492697 ], [ -58.430833722393537, -34.573986801492701 ], [ -58.430664081991701, -34.574253298610017 ], [ -58.430586038523309, -34.574559415902108 ], [ -58.430607380615641, -34.574874603298056 ], [ -58.430725978358204, -34.575167405543496 ], [ -58.430929995864759, -34.575408601390251 ], [ -58.431199072477959, -34.575574119835451 ], [ -58.432193772477959, -34.575986319835451 ], [ -58.432281666268835, -34.576018017710055 ], [ -58.433865266268839, -34.576506817710055 ], [ -58.434107748572799, -34.576549923476485 ], [ -58.438743748572797, -34.576793423476481 ], [ -58.438854078247999, -34.576793123649125 ], [ -58.443771678247998, -34.576508023649126 ], [ -58.444082486117999, -34.576439253950234 ], [ -58.444355934727405, -34.576276291802628 ], [ -58.444564315308902, -34.576035650291672 ], [ -58.444686512490726, -34.575741713815049 ], [ -58.444710143934259, -34.575424267192105 ], [ -58.444632815046326, -34.575115477544237 ], [ -58.444462361625284, -34.574846634774588 ], [ -58.44230741101272, -34.5724138223285 ], [ -58.449459842167236, -34.568749709404521 ] ] ] ] } },
{ "type": "Feature", "properties": { "id": null, "Name": "Polígono 8", "descriptio": null, "timestamp": null, "begin": null, "end": null, "altitudeMo": null, "tessellate": -1, "extrude": 0, "visibility": -1, "drawOrder": null, "icon": null, "layer": "Zonas Flash — Comuna 14", "path": "C:/Users/User/Downloads/Zonas Flash.kml|layername=Comuna 14|geometrytype=Polygon25D|uniqueGeometryType=yes" }, "geometry": { "type": "MultiPolygon", "coordinates": [ [ [ [ -58.443207839339934, -34.56441157174762 ], [ -58.44343008123527, -34.564161406137536 ], [ -58.443557348636865, -34.56385192705747 ], [ -58.443575390867473, -34.563517788208451 ], [ -58.443482187661075, -34.563196404551697 ], [ -58.443288175380779, -34.562923762794803 ], [ -58.44201017538078, -34.561648762794803 ], [ -58.441756791722014, -34.561465134473451 ], [ -58.441459059710681, -34.561368810601245 ], [ -58.441146134051024, -34.561369223465931 ], [ -58.438076034051022, -34.561859723465929 ], [ -58.437759039201453, -34.561967085130135 ], [ -58.422953239201455, -34.569953785130132 ], [ -58.422719076187448, -34.570128614931392 ], [ -58.422545453690766, -34.570363674509345 ], [ -58.422447198686591, -34.570638890298675 ], [ -58.422432701933808, -34.570930759482891 ], [ -58.42250320142287, -34.571214357082638 ], [ -58.425556201422872, -34.57863545708264 ], [ -58.425719902822387, -34.578903637869864 ], [ -58.425958739037227, -34.579107785721476 ], [ -58.426249132375311, -34.57922774734881 ], [ -58.426562415472645, -34.579251680250039 ], [ -58.426867661309196, -34.579177221791092 ], [ -58.429164838261343, -34.578214080975783 ], [ -58.431934137527911, -34.577480893323553 ], [ -58.432049637231742, -34.577442658067376 ], [ -58.434456537231739, -34.576479758067379 ], [ -58.434715833675888, -34.576327299375059 ], [ -58.434918062410041, -34.576104629579412 ], [ -58.435044926122359, -34.575831895464731 ], [ -58.435084946399975, -34.575533773549751 ], [ -58.435034502276238, -34.575237237398177 ], [ -58.434898157849666, -34.574969117096529 ], [ -58.434688249332019, -34.574753671713587 ], [ -58.434423768888877, -34.574610394381089 ], [ -58.433309534914748, -34.574209337809222 ], [ -58.439011586267391, -34.567779561274676 ], [ -58.443207839339934, -34.56441157174762 ] ] ] ] } },
{ "type": "Feature", "properties": { "id": null, "Name": "Polígono 8", "descriptio": null, "timestamp": null, "begin": null, "end": null, "altitudeMo": null, "tessellate": -1, "extrude": 0, "visibility": -1, "drawOrder": null, "icon": null, "layer": "Zonas Flash — Comuna 14", "path": "C:/Users/User/Downloads/Zonas Flash.kml|layername=Comuna 14|geometrytype=Polygon25D|uniqueGeometryType=yes" }, "geometry": { "type": "MultiPolygon", "coordinates": [ [ [ [ -58.443207839339934, -34.56441157174762 ], [ -58.44343008123527, -34.564161406137536 ], [ -58.443557348636865, -34.56385192705747 ], [ -58.443575390867473, -34.563517788208451 ], [ -58.443482187661075, -34.563196404551697 ], [ -58.443288175380779, -34.562923762794803 ], [ -58.44201017538078, -34.561648762794803 ], [ -58.441756791722014, -34.561465134473451 ], [ -58.441459059710681, -34.561368810601245 ], [ -58.441146134051024, -34.561369223465931 ], [ -58.438076034051022, -34.561859723465929 ], [ -58.437759039201453, -34.561967085130135 ], [ -58.422953239201455, -34.569953785130132 ], [ -58.422719076187448, -34.570128614931392 ], [ -58.422545453690766, -34.570363674509345 ], [ -58.422447198686591, -34.570638890298675 ], [ -58.422432701933808, -34.570930759482891 ], [ -58.42250320142287, -34.571214357082638 ], [ -58.425556201422872, -34.57863545708264 ], [ -58.425719902822387, -34.578903637869864 ], [ -58.425958739037227, -34.579107785721476 ], [ -58.426249132375311, -34.57922774734881 ], [ -58.426562415472645, -34.579251680250039 ], [ -58.426867661309196, -34.579177221791092 ], [ -58.429164838261343, -34.578214080975783 ], [ -58.431934137527911, -34.577480893323553 ], [ -58.432049637231742, -34.577442658067376 ], [ -58.434456537231739, -34.576479758067379 ], [ -58.434715833675888, -34.576327299375059 ], [ -58.434918062410041, -34.576104629579412 ], [ -58.435044926122359, -34.575831895464731 ], [ -58.435084946399975, -34.575533773549751 ], [ -58.435034502276238, -34.575237237398177 ], [ -58.434898157849666, -34.574969117096529 ], [ -58.434688249332019, -34.574753671713587 ], [ -58.434423768888877, -34.574610394381089 ], [ -58.433309534914748, -34.574209337809222 ], [ -58.439011586267391, -34.567779561274676 ], [ -58.443207839339934, -34.56441157174762 ] ] ] ] } },
{ "type": "Feature", "properties": { "id": null, "Name": "Polígono 9", "descriptio": null, "timestamp": null, "begin": null, "end": null, "altitudeMo": null, "tessellate": -1, "extrude": 0, "visibility": -1, "drawOrder": null, "icon": null, "layer": "Zonas Flash — Comuna 14", "path": "C:/Users/User/Downloads/Zonas Flash.kml|layername=Comuna 14|geometrytype=Polygon25D|uniqueGeometryType=yes" }, "geometry": { "type": "MultiPolygon", "coordinates": [ [ [ [ -58.427015486936142, -34.579100176736013 ], [ -58.427272461933633, -34.578866218461442 ], [ -58.427433849996945, -34.578558441729712 ], [ -58.427480159866249, -34.578214017544177 ], [ -58.427405798577134, -34.577874542917357 ], [ -58.424352798577132, -34.570453442917355 ], [ -58.424191406375094, -34.570187981501682 ], [ -58.423956332322625, -34.569984862334834 ], [ -58.423670265110488, -34.569863689911287 ], [ -58.423360815146758, -34.569836159454816 ], [ -58.423057849677349, -34.569904928128175 ], [ -58.421727449677348, -34.57043502812818 ], [ -58.421665139655069, -34.57046234704567 ], [ -58.414583439655068, -34.573858947045665 ], [ -58.414329366143605, -34.574033502163374 ], [ -58.414140529027797, -34.574277148181281 ], [ -58.414034872146374, -34.574566733163202 ], [ -58.414022435316099, -34.574874739922215 ], [ -58.414104400319893, -34.575171900781854 ], [ -58.414272978610434, -34.575429978673789 ], [ -58.419350698936569, -34.581065573574328 ], [ -58.419579162747311, -34.582197625499965 ], [ -58.419692442744221, -34.582498182500345 ], [ -58.41989516400605, -34.582747322939007 ], [ -58.420166412415114, -34.582919343777164 ], [ -58.420478204122531, -34.582996498163681 ], [ -58.420798372554344, -34.582970826322132 ], [ -58.421093886936141, -34.582844976736013 ], [ -58.427015486936142, -34.579100176736013 ] ] ] ] } },
{ "type": "Feature", "properties": { "id": null, "Name": "Polígono 10", "descriptio": null, "timestamp": null, "begin": null, "end": null, "altitudeMo": null, "tessellate": -1, "extrude": 0, "visibility": -1, "drawOrder": null, "icon": null, "layer": "Zonas Flash — Comuna 14", "path": "C:/Users/User/Downloads/Zonas Flash.kml|layername=Comuna 14|geometrytype=Polygon25D|uniqueGeometryType=yes" }, "geometry": { "type": "MultiPolygon", "coordinates": [ [ [ [ -58.42036168666646, -34.582037707631706 ], [ -58.420663365232578, -34.58196364587171 ], [ -58.420927761446343, -34.581800582253159 ], [ -58.421129362368255, -34.581564251616477 ], [ -58.42124871449689, -34.581277458710467 ], [ -58.421274300936474, -34.580967877645705 ], [ -58.421203652720912, -34.580665381478482 ], [ -58.42104358705695, -34.580399159607161 ], [ -58.415782487056951, -34.574118459607156 ], [ -58.415532959063036, -34.573904650278735 ], [ -58.415227599730208, -34.573783265244536 ], [ -58.414899381346586, -34.57376741149654 ], [ -58.414583744489711, -34.573858800901014 ], [ -58.40671274448971, -34.577630700901018 ], [ -58.406529084337791, -34.577744609734687 ], [ -58.402973745998359, -34.58052346502744 ], [ -58.399062969799701, -34.581767019046517 ], [ -58.398787362333735, -34.581904415270387 ], [ -58.398566631242481, -34.582119159264444 ], [ -58.398421710044062, -34.582390885310083 ], [ -58.398366342658818, -34.582693823670617 ], [ -58.398405779974397, -34.58299924452087 ], [ -58.398536281866321, -34.583278182603308 ], [ -58.399718281866321, -34.585035182603306 ], [ -58.399939180861061, -34.585270309054572 ], [ -58.400223446247345, -34.585422867253705 ], [ -58.40054149145238, -34.58547697881918 ], [ -58.400860214072345, -34.585427011775202 ], [ -58.401146441197533, -34.585278166732394 ], [ -58.402275776593889, -34.584434595975289 ], [ -58.406168196974384, -34.584464969555931 ], [ -58.406498054378979, -34.584411721171719 ], [ -58.411183705309043, -34.582817762522176 ], [ -58.42036168666646, -34.582037707631706 ] ] ] ] } },
{ "type": "Feature", "properties": { "id": null, "Name": "Polígono 10", "descriptio": null, "timestamp": null, "begin": null, "end": null, "altitudeMo": null, "tessellate": -1, "extrude": 0, "visibility": -1, "drawOrder": null, "icon": null, "layer": "Zonas Flash — Comuna 14", "path": "C:/Users/User/Downloads/Zonas Flash.kml|layername=Comuna 14|geometrytype=Polygon25D|uniqueGeometryType=yes" }, "geometry": { "type": "MultiPolygon", "coordinates": [ [ [ [ -58.42036168666646, -34.582037707631706 ], [ -58.420663365232578, -34.58196364587171 ], [ -58.420927761446343, -34.581800582253159 ], [ -58.421129362368255, -34.581564251616477 ], [ -58.42124871449689, -34.581277458710467 ], [ -58.421274300936474, -34.580967877645705 ], [ -58.421203652720912, -34.580665381478482 ], [ -58.42104358705695, -34.580399159607161 ], [ -58.415782487056951, -34.574118459607156 ], [ -58.415532959063036, -34.573904650278735 ], [ -58.415227599730208, -34.573783265244536 ], [ -58.414899381346586, -34.57376741149654 ], [ -58.414583744489711, -34.573858800901014 ], [ -58.40671274448971, -34.577630700901018 ], [ -58.406529084337791, -34.577744609734687 ], [ -58.402973745998359, -34.58052346502744 ], [ -58.399062969799701, -34.581767019046517 ], [ -58.398787362333735, -34.581904415270387 ], [ -58.398566631242481, -34.582119159264444 ], [ -58.398421710044062, -34.582390885310083 ], [ -58.398366342658818, -34.582693823670617 ], [ -58.398405779974397, -34.58299924452087 ], [ -58.398536281866321, -34.583278182603308 ], [ -58.399718281866321, -34.585035182603306 ], [ -58.399939180861061, -34.585270309054572 ], [ -58.400223446247345, -34.585422867253705 ], [ -58.40054149145238, -34.58547697881918 ], [ -58.400860214072345, -34.585427011775202 ], [ -58.401146441197533, -34.585278166732394 ], [ -58.402275776593889, -34.584434595975289 ], [ -58.406168196974384, -34.584464969555931 ], [ -58.406498054378979, -34.584411721171719 ], [ -58.411183705309043, -34.582817762522176 ], [ -58.42036168666646, -34.582037707631706 ] ] ] ] } },
{ "type": "Feature", "properties": { "id": null, "Name": "Polígono 11", "descriptio": null, "timestamp": null, "begin": null, "end": null, "altitudeMo": null, "tessellate": -1, "extrude": 0, "visibility": -1, "drawOrder": null, "icon": null, "layer": "Zonas Flash — Comuna 14", "path": "C:/Users/User/Downloads/Zonas Flash.kml|layername=Comuna 14|geometrytype=Polygon25D|uniqueGeometryType=yes" }, "geometry": { "type": "MultiPolygon", "coordinates": [ [ [ [ -58.414245972023366, -34.580573462421491 ], [ -58.41423384205072, -34.580574335537378 ], [ -58.41089944205072, -34.58083473553738 ], [ -58.410655245621022, -34.58088497882828 ], [ -58.405853945621026, -34.582518278828275 ], [ -58.405581488533024, -34.582660912868128 ], [ -58.405365258754678, -34.582879595325323 ], [ -58.405225706721978, -34.583153643796031 ], [ -58.405176030894161, -34.583457139506478 ], [ -58.405220929478581, -34.583761378641448 ], [ -58.405356156086818, -34.584037587074612 ], [ -58.409265156086818, -34.589634587074613 ], [ -58.409480271305483, -34.589858431545096 ], [ -58.409753670822553, -34.590005515223069 ], [ -58.41005900414536, -34.590061662050665 ], [ -58.410366842972145, -34.590021460545856 ], [ -58.410647517518413, -34.589888785366028 ], [ -58.422384417518408, -34.581903385366033 ], [ -58.42261971971385, -34.581679496097344 ], [ -58.422770857093113, -34.581392005192448 ], [ -58.422821885640886, -34.581071241081112 ], [ -58.422767422175646, -34.580751042301031 ], [ -58.422613212240471, -34.580465187751123 ], [ -58.422375523985444, -34.580243833236295 ], [ -58.422079431983114, -34.580110330225217 ], [ -58.421756172023365, -34.580078762421493 ], [ -58.414245972023366, -34.580573462421491 ] ] ] ] } },
{ "type": "Feature", "properties": { "id": null, "Name": "Polígono 11", "descriptio": null, "timestamp": null, "begin": null, "end": null, "altitudeMo": null, "tessellate": -1, "extrude": 0, "visibility": -1, "drawOrder": null, "icon": null, "layer": "Zonas Flash — Comuna 14", "path": "C:/Users/User/Downloads/Zonas Flash.kml|layername=Comuna 14|geometrytype=Polygon25D|uniqueGeometryType=yes" }, "geometry": { "type": "MultiPolygon", "coordinates": [ [ [ [ -58.414245972023366, -34.580573462421491 ], [ -58.41423384205072, -34.580574335537378 ], [ -58.41089944205072, -34.58083473553738 ], [ -58.410655245621022, -34.58088497882828 ], [ -58.405853945621026, -34.582518278828275 ], [ -58.405581488533024, -34.582660912868128 ], [ -58.405365258754678, -34.582879595325323 ], [ -58.405225706721978, -34.583153643796031 ], [ -58.405176030894161, -34.583457139506478 ], [ -58.405220929478581, -34.583761378641448 ], [ -58.405356156086818, -34.584037587074612 ], [ -58.409265156086818, -34.589634587074613 ], [ -58.409480271305483, -34.589858431545096 ], [ -58.409753670822553, -34.590005515223069 ], [ -58.41005900414536, -34.590061662050665 ], [ -58.410366842972145, -34.590021460545856 ], [ -58.410647517518413, -34.589888785366028 ], [ -58.422384417518408, -34.581903385366033 ], [ -58.42261971971385, -34.581679496097344 ], [ -58.422770857093113, -34.581392005192448 ], [ -58.422821885640886, -34.581071241081112 ], [ -58.422767422175646, -34.580751042301031 ], [ -58.422613212240471, -34.580465187751123 ], [ -58.422375523985444, -34.580243833236295 ], [ -58.422079431983114, -34.580110330225217 ], [ -58.421756172023365, -34.580078762421493 ], [ -58.414245972023366, -34.580573462421491 ] ] ] ] } },
{ "type": "Feature", "properties": { "id": null, "Name": "Polígono 12", "descriptio": null, "timestamp": null, "begin": null, "end": null, "altitudeMo": null, "tessellate": -1, "extrude": 0, "visibility": -1, "drawOrder": null, "icon": null, "layer": "Zonas Flash — Comuna 14", "path": "C:/Users/User/Downloads/Zonas Flash.kml|layername=Comuna 14|geometrytype=Polygon25D|uniqueGeometryType=yes" }, "geometry": { "type": "MultiPolygon", "coordinates": [ [ [ [ -58.444564821271619, -34.559886939717806 ], [ -58.44480711098965, -34.55966267262653 ], [ -58.44496316958157, -34.559371733197125 ], [ -58.445015986655292, -34.559045833837786 ], [ -58.444959805147889, -34.558720497590308 ], [ -58.44480074884568, -34.558431186117289 ], [ -58.444556154891281, -34.558209434379606 ], [ -58.439819654891281, -34.555169334379606 ], [ -58.439729635079715, -34.555117939524941 ], [ -58.434806535079716, -34.552636239524944 ], [ -58.43453543769369, -34.552545357784886 ], [ -58.434249703388353, -34.552534908376245 ], [ -58.433972691881344, -34.552605745572492 ], [ -58.433727049772898, -34.55275207820025 ], [ -58.423345795059902, -34.561159312450123 ], [ -58.420707198517441, -34.562316385472272 ], [ -58.420492187758782, -34.562444932990672 ], [ -58.420315871940709, -34.562622884734481 ], [ -58.419067838685613, -34.564247003877547 ], [ -58.415961827603034, -34.566792907133419 ], [ -58.408987645119254, -34.567817520417307 ], [ -58.408686183071183, -34.567912274585581 ], [ -58.405347883071187, -34.569579574585582 ], [ -58.405035079895029, -34.569823832952771 ], [ -58.401891485918419, -34.57349550911885 ], [ -58.400430720291475, -34.575200538471755 ], [ -58.396159571238947, -34.57758483724146 ], [ -58.395905672117891, -34.577786856966654 ], [ -58.395729817574377, -34.578059532437791 ], [ -58.395650521000235, -34.578374157272108 ], [ -58.395676130479721, -34.578697608794904 ], [ -58.395803949930517, -34.578995835086559 ], [ -58.398522949930516, -34.583257835086563 ], [ -58.398740923706697, -34.583500563660152 ], [ -58.399025424182476, -34.583660217056064 ], [ -58.399346172049711, -34.583719803406872 ], [ -58.3996690302003, -34.583672980953487 ], [ -58.403751030200297, -34.582374980953489 ], [ -58.404063815662205, -34.582209890265318 ], [ -58.407683192500045, -34.579380982430933 ], [ -58.438684246585218, -34.563740003379174 ], [ -58.438782621271621, -34.56368313971781 ], [ -58.444564821271619, -34.559886939717806 ] ] ] ] } },
{ "type": "Feature", "properties": { "id": null, "Name": "Polígono 12", "descriptio": null, "timestamp": null, "begin": null, "end": null, "altitudeMo": null, "tessellate": -1, "extrude": 0, "visibility": -1, "drawOrder": null, "icon": null, "layer": "Zonas Flash — Comuna 14", "path": "C:/Users/User/Downloads/Zonas Flash.kml|layername=Comuna 14|geometrytype=Polygon25D|uniqueGeometryType=yes" }, "geometry": { "type": "MultiPolygon", "coordinates": [ [ [ [ -58.444564821271619, -34.559886939717806 ], [ -58.44480711098965, -34.55966267262653 ], [ -58.44496316958157, -34.559371733197125 ], [ -58.445015986655292, -34.559045833837786 ], [ -58.444959805147889, -34.558720497590308 ], [ -58.44480074884568, -34.558431186117289 ], [ -58.444556154891281, -34.558209434379606 ], [ -58.439819654891281, -34.555169334379606 ], [ -58.439729635079715, -34.555117939524941 ], [ -58.434806535079716, -34.552636239524944 ], [ -58.43453543769369, -34.552545357784886 ], [ -58.434249703388353, -34.552534908376245 ], [ -58.433972691881344, -34.552605745572492 ], [ -58.433727049772898, -34.55275207820025 ], [ -58.423345795059902, -34.561159312450123 ], [ -58.420707198517441, -34.562316385472272 ], [ -58.420492187758782, -34.562444932990672 ], [ -58.420315871940709, -34.562622884734481 ], [ -58.419067838685613, -34.564247003877547 ], [ -58.415961827603034, -34.566792907133419 ], [ -58.408987645119254, -34.567817520417307 ], [ -58.408686183071183, -34.567912274585581 ], [ -58.405347883071187, -34.569579574585582 ], [ -58.405035079895029, -34.569823832952771 ], [ -58.401891485918419, -34.57349550911885 ], [ -58.400430720291475, -34.575200538471755 ], [ -58.396159571238947, -34.57758483724146 ], [ -58.395905672117891, -34.577786856966654 ], [ -58.395729817574377, -34.578059532437791 ], [ -58.395650521000235, -34.578374157272108 ], [ -58.395676130479721, -34.578697608794904 ], [ -58.395803949930517, -34.578995835086559 ], [ -58.398522949930516, -34.583257835086563 ], [ -58.398740923706697, -34.583500563660152 ], [ -58.399025424182476, -34.583660217056064 ], [ -58.399346172049711, -34.583719803406872 ], [ -58.3996690302003, -34.583672980953487 ], [ -58.403751030200297, -34.582374980953489 ], [ -58.404063815662205, -34.582209890265318 ], [ -58.407683192500045, -34.579380982430933 ], [ -58.438684246585218, -34.563740003379174 ], [ -58.438782621271621, -34.56368313971781 ], [ -58.444564821271619, -34.559886939717806 ] ] ] ] } },
{ "type": "Feature", "properties": { "id": null, "Name": "Polígono 12", "descriptio": null, "timestamp": null, "begin": null, "end": null, "altitudeMo": null, "tessellate": -1, "extrude": 0, "visibility": -1, "drawOrder": null, "icon": null, "layer": "Zonas Flash — Comuna 14", "path": "C:/Users/User/Downloads/Zonas Flash.kml|layername=Comuna 14|geometrytype=Polygon25D|uniqueGeometryType=yes" }, "geometry": { "type": "MultiPolygon", "coordinates": [ [ [ [ -58.444564821271619, -34.559886939717806 ], [ -58.44480711098965, -34.55966267262653 ], [ -58.44496316958157, -34.559371733197125 ], [ -58.445015986655292, -34.559045833837786 ], [ -58.444959805147889, -34.558720497590308 ], [ -58.44480074884568, -34.558431186117289 ], [ -58.444556154891281, -34.558209434379606 ], [ -58.439819654891281, -34.555169334379606 ], [ -58.439729635079715, -34.555117939524941 ], [ -58.434806535079716, -34.552636239524944 ], [ -58.43453543769369, -34.552545357784886 ], [ -58.434249703388353, -34.552534908376245 ], [ -58.433972691881344, -34.552605745572492 ], [ -58.433727049772898, -34.55275207820025 ], [ -58.423345795059902, -34.561159312450123 ], [ -58.420707198517441, -34.562316385472272 ], [ -58.420492187758782, -34.562444932990672 ], [ -58.420315871940709, -34.562622884734481 ], [ -58.419067838685613, -34.564247003877547 ], [ -58.415961827603034, -34.566792907133419 ], [ -58.408987645119254, -34.567817520417307 ], [ -58.408686183071183, -34.567912274585581 ], [ -58.405347883071187, -34.569579574585582 ], [ -58.405035079895029, -34.569823832952771 ], [ -58.401891485918419, -34.57349550911885 ], [ -58.400430720291475, -34.575200538471755 ], [ -58.396159571238947, -34.57758483724146 ], [ -58.395905672117891, -34.577786856966654 ], [ -58.395729817574377, -34.578059532437791 ], [ -58.395650521000235, -34.578374157272108 ], [ -58.395676130479721, -34.578697608794904 ], [ -58.395803949930517, -34.578995835086559 ], [ -58.398522949930516, -34.583257835086563 ], [ -58.398740923706697, -34.583500563660152 ], [ -58.399025424182476, -34.583660217056064 ], [ -58.399346172049711, -34.583719803406872 ], [ -58.3996690302003, -34.583672980953487 ], [ -58.403751030200297, -34.582374980953489 ], [ -58.404063815662205, -34.582209890265318 ], [ -58.407683192500045, -34.579380982430933 ], [ -58.438684246585218, -34.563740003379174 ], [ -58.438782621271621, -34.56368313971781 ], [ -58.444564821271619, -34.559886939717806 ] ] ] ] } },
{ "type": "Feature", "properties": { "id": null, "Name": "Poligono 1", "descriptio": null, "timestamp": null, "begin": null, "end": null, "altitudeMo": null, "tessellate": -1, "extrude": 0, "visibility": -1, "drawOrder": null, "icon": null, "layer": "Zonas Flash — Poligonos C2", "path": "C:/Users/User/Downloads/Zonas Flash.kml|layername=Poligonos C2|geometrytype=Polygon25D|uniqueGeometryType=yes" }, "geometry": { "type": "MultiPolygon", "coordinates": [ [ [ [ -58.397664654962171, -34.578272167823286 ], [ -58.397456745849084, -34.578041204372937 ], [ -58.397187973696006, -34.577885217692632 ], [ -58.396884293914354, -34.577819271465167 ], [ -58.3965750329562, -34.577849734138489 ], [ -58.396290056249612, -34.577973663922641 ], [ -58.396056884084814, -34.578179092879381 ], [ -58.395898033971143, -34.578446182669694 ], [ -58.395828846114071, -34.578749140348478 ], [ -58.395856002006731, -34.579058709197355 ], [ -58.395976879196013, -34.57934499405517 ], [ -58.396535152576632, -34.580244360807299 ], [ -58.395907962990563, -34.580459057161889 ], [ -58.394616779453912, -34.579746868315382 ], [ -58.394332505345851, -34.579642440723461 ], [ -58.394030006601355, -34.579627901120851 ], [ -58.391294206601358, -34.579913401120855 ], [ -58.390962274317964, -34.580007920486835 ], [ -58.389248774317963, -34.580837420486837 ], [ -58.389032181573079, -34.580979554969083 ], [ -58.38885936893687, -34.581172558650252 ], [ -58.388261510628531, -34.582045766925376 ], [ -58.388047813597169, -34.582255563885056 ], [ -58.387171242772652, -34.582476264341004 ], [ -58.386861632377062, -34.582613328744472 ], [ -58.385872232377061, -34.583271328744473 ], [ -58.385640926354753, -34.58348459756899 ], [ -58.384038126354753, -34.585516097568984 ], [ -58.383875944302353, -34.585815021228044 ], [ -58.383823320301865, -34.586151010940156 ], [ -58.383886340759538, -34.58648520668217 ], [ -58.384057716831812, -34.586778955918632 ], [ -58.38431762744117, -34.586998284091038 ], [ -58.385010827441171, -34.587404484091039 ], [ -58.38530717372717, -34.587519567254155 ], [ -58.38562466551992, -34.58753582201323 ], [ -58.385931215430226, -34.587451605576881 ], [ -58.390562220984208, -34.585340383698437 ], [ -58.391372962939535, -34.585766143735398 ], [ -58.391413540143056, -34.585786293628807 ], [ -58.394190282030387, -34.587087614535534 ], [ -58.396773997435766, -34.588388478371726 ], [ -58.397061365487659, -34.588482035783329 ], [ -58.39736356010031, -34.588485471274247 ], [ -58.39765298081636, -34.588398471069461 ], [ -58.397903193861687, -34.588228981192294 ], [ -58.400293092791472, -34.586015592502619 ], [ -58.401200247413406, -34.585235006142263 ], [ -58.401390029467471, -34.585016431530327 ], [ -58.401509256113435, -34.584752656823582 ], [ -58.401547937101562, -34.584465784255734 ], [ -58.40150283127106, -34.584179851478531 ], [ -58.401377718133681, -34.583918817396693 ], [ -58.400199985284843, -34.582168160361661 ], [ -58.397664654962171, -34.578272167823286 ] ] ] ] } },
{ "type": "Feature", "properties": { "id": null, "Name": "Poligono 1", "descriptio": null, "timestamp": null, "begin": null, "end": null, "altitudeMo": null, "tessellate": -1, "extrude": 0, "visibility": -1, "drawOrder": null, "icon": null, "layer": "Zonas Flash — Poligonos C2", "path": "C:/Users/User/Downloads/Zonas Flash.kml|layername=Poligonos C2|geometrytype=Polygon25D|uniqueGeometryType=yes" }, "geometry": { "type": "MultiPolygon", "coordinates": [ [ [ [ -58.397664654962171, -34.578272167823286 ], [ -58.397456745849084, -34.578041204372937 ], [ -58.397187973696006, -34.577885217692632 ], [ -58.396884293914354, -34.577819271465167 ], [ -58.3965750329562, -34.577849734138489 ], [ -58.396290056249612, -34.577973663922641 ], [ -58.396056884084814, -34.578179092879381 ], [ -58.395898033971143, -34.578446182669694 ], [ -58.395828846114071, -34.578749140348478 ], [ -58.395856002006731, -34.579058709197355 ], [ -58.395976879196013, -34.57934499405517 ], [ -58.396535152576632, -34.580244360807299 ], [ -58.395907962990563, -34.580459057161889 ], [ -58.394616779453912, -34.579746868315382 ], [ -58.394332505345851, -34.579642440723461 ], [ -58.394030006601355, -34.579627901120851 ], [ -58.391294206601358, -34.579913401120855 ], [ -58.390962274317964, -34.580007920486835 ], [ -58.389248774317963, -34.580837420486837 ], [ -58.389032181573079, -34.580979554969083 ], [ -58.38885936893687, -34.581172558650252 ], [ -58.388261510628531, -34.582045766925376 ], [ -58.388047813597169, -34.582255563885056 ], [ -58.387171242772652, -34.582476264341004 ], [ -58.386861632377062, -34.582613328744472 ], [ -58.385872232377061, -34.583271328744473 ], [ -58.385640926354753, -34.58348459756899 ], [ -58.384038126354753, -34.585516097568984 ], [ -58.383875944302353, -34.585815021228044 ], [ -58.383823320301865, -34.586151010940156 ], [ -58.383886340759538, -34.58648520668217 ], [ -58.384057716831812, -34.586778955918632 ], [ -58.38431762744117, -34.586998284091038 ], [ -58.385010827441171, -34.587404484091039 ], [ -58.38530717372717, -34.587519567254155 ], [ -58.38562466551992, -34.58753582201323 ], [ -58.385931215430226, -34.587451605576881 ], [ -58.390562220984208, -34.585340383698437 ], [ -58.391372962939535, -34.585766143735398 ], [ -58.391413540143056, -34.585786293628807 ], [ -58.394190282030387, -34.587087614535534 ], [ -58.396773997435766, -34.588388478371726 ], [ -58.397061365487659, -34.588482035783329 ], [ -58.39736356010031, -34.588485471274247 ], [ -58.39765298081636, -34.588398471069461 ], [ -58.397903193861687, -34.588228981192294 ], [ -58.400293092791472, -34.586015592502619 ], [ -58.401200247413406, -34.585235006142263 ], [ -58.401390029467471, -34.585016431530327 ], [ -58.401509256113435, -34.584752656823582 ], [ -58.401547937101562, -34.584465784255734 ], [ -58.40150283127106, -34.584179851478531 ], [ -58.401377718133681, -34.583918817396693 ], [ -58.400199985284843, -34.582168160361661 ], [ -58.397664654962171, -34.578272167823286 ] ] ] ] } },
{ "type": "Feature", "properties": { "id": null, "Name": "Poligono 1", "descriptio": null, "timestamp": null, "begin": null, "end": null, "altitudeMo": null, "tessellate": -1, "extrude": 0, "visibility": -1, "drawOrder": null, "icon": null, "layer": "Zonas Flash — Poligonos C2", "path": "C:/Users/User/Downloads/Zonas Flash.kml|layername=Poligonos C2|geometrytype=Polygon25D|uniqueGeometryType=yes" }, "geometry": { "type": "MultiPolygon", "coordinates": [ [ [ [ -58.397664654962171, -34.578272167823286 ], [ -58.397456745849084, -34.578041204372937 ], [ -58.397187973696006, -34.577885217692632 ], [ -58.396884293914354, -34.577819271465167 ], [ -58.3965750329562, -34.577849734138489 ], [ -58.396290056249612, -34.577973663922641 ], [ -58.396056884084814, -34.578179092879381 ], [ -58.395898033971143, -34.578446182669694 ], [ -58.395828846114071, -34.578749140348478 ], [ -58.395856002006731, -34.579058709197355 ], [ -58.395976879196013, -34.57934499405517 ], [ -58.396535152576632, -34.580244360807299 ], [ -58.395907962990563, -34.580459057161889 ], [ -58.394616779453912, -34.579746868315382 ], [ -58.394332505345851, -34.579642440723461 ], [ -58.394030006601355, -34.579627901120851 ], [ -58.391294206601358, -34.579913401120855 ], [ -58.390962274317964, -34.580007920486835 ], [ -58.389248774317963, -34.580837420486837 ], [ -58.389032181573079, -34.580979554969083 ], [ -58.38885936893687, -34.581172558650252 ], [ -58.388261510628531, -34.582045766925376 ], [ -58.388047813597169, -34.582255563885056 ], [ -58.387171242772652, -34.582476264341004 ], [ -58.386861632377062, -34.582613328744472 ], [ -58.385872232377061, -34.583271328744473 ], [ -58.385640926354753, -34.58348459756899 ], [ -58.384038126354753, -34.585516097568984 ], [ -58.383875944302353, -34.585815021228044 ], [ -58.383823320301865, -34.586151010940156 ], [ -58.383886340759538, -34.58648520668217 ], [ -58.384057716831812, -34.586778955918632 ], [ -58.38431762744117, -34.586998284091038 ], [ -58.385010827441171, -34.587404484091039 ], [ -58.38530717372717, -34.587519567254155 ], [ -58.38562466551992, -34.58753582201323 ], [ -58.385931215430226, -34.587451605576881 ], [ -58.390562220984208, -34.585340383698437 ], [ -58.391372962939535, -34.585766143735398 ], [ -58.391413540143056, -34.585786293628807 ], [ -58.394190282030387, -34.587087614535534 ], [ -58.396773997435766, -34.588388478371726 ], [ -58.397061365487659, -34.588482035783329 ], [ -58.39736356010031, -34.588485471274247 ], [ -58.39765298081636, -34.588398471069461 ], [ -58.397903193861687, -34.588228981192294 ], [ -58.400293092791472, -34.586015592502619 ], [ -58.401200247413406, -34.585235006142263 ], [ -58.401390029467471, -34.585016431530327 ], [ -58.401509256113435, -34.584752656823582 ], [ -58.401547937101562, -34.584465784255734 ], [ -58.40150283127106, -34.584179851478531 ], [ -58.401377718133681, -34.583918817396693 ], [ -58.400199985284843, -34.582168160361661 ], [ -58.397664654962171, -34.578272167823286 ] ] ] ] } },
{ "type": "Feature", "properties": { "id": null, "Name": "Polígono 2", "descriptio": null, "timestamp": null, "begin": null, "end": null, "altitudeMo": null, "tessellate": -1, "extrude": 0, "visibility": -1, "drawOrder": null, "icon": null, "layer": "Zonas Flash — Poligonos C2", "path": "C:/Users/User/Downloads/Zonas Flash.kml|layername=Poligonos C2|geometrytype=Polygon25D|uniqueGeometryType=yes" }, "geometry": { "type": "MultiPolygon", "coordinates": [ [ [ [ -58.397839770671673, -34.588282990883215 ], [ -58.398066421884359, -34.588033649167009 ], [ -58.398197388715211, -34.587723182175409 ], [ -58.39821780091998, -34.587386840971348 ], [ -58.398125340854811, -34.587062814429224 ], [ -58.397930506626317, -34.5867878931913 ], [ -58.397655420114866, -34.586593292382283 ], [ -58.395813848509263, -34.585711876871493 ], [ -58.393079041973323, -34.5843750417826 ], [ -58.391048549576979, -34.583336836129071 ], [ -58.390752360477663, -34.583239931158985 ], [ -58.390440723654478, -34.5832389083129 ], [ -58.390097423654481, -34.583291908312901 ], [ -58.389801971416425, -34.583386180767377 ], [ -58.387844574353487, -34.584367110261503 ], [ -58.3860376782971, -34.585189669500288 ], [ -58.385981829370664, -34.585217224462546 ], [ -58.384541954923861, -34.585984282517174 ], [ -58.383352708238434, -34.586552787488223 ], [ -58.383099109251916, -34.586726354226528 ], [ -58.382910189881031, -34.58696873271137 ], [ -58.38280379126661, -34.587257033237655 ], [ -58.38278996146596, -34.587564029321051 ], [ -58.382870006535839, -34.587860728908844 ], [ -58.383036367191252, -34.588119112327313 ], [ -58.384609967191253, -34.589890612327316 ], [ -58.384653890031792, -34.589936987354321 ], [ -58.386027190031797, -34.591297187354321 ], [ -58.386071578009314, -34.591338560700265 ], [ -58.387216045540939, -34.592342167632992 ], [ -58.387733350519731, -34.592814720999677 ], [ -58.38777926719203, -34.59285418307342 ], [ -58.38829726719203, -34.593272783073417 ], [ -58.388350438802938, -34.593312899439361 ], [ -58.388902138802933, -34.593700999439363 ], [ -58.388986802506452, -34.593754430000537 ], [ -58.389394502506455, -34.593984030000534 ], [ -58.389534772519681, -34.594049289868103 ], [ -58.389770772519682, -34.594137589868104 ], [ -58.390097988795645, -34.594200730583701 ], [ -58.390427782843929, -34.594152843978712 ], [ -58.390723528647356, -34.593999248207375 ], [ -58.392268528647357, -34.592833448207372 ], [ -58.392324257300629, -34.592788167853953 ], [ -58.393705871721515, -34.591580704013978 ], [ -58.395701844427983, -34.589955110854397 ], [ -58.397839770671673, -34.588282990883215 ] ] ] ] } },
{ "type": "Feature", "properties": { "id": null, "Name": "Polígono 2", "descriptio": null, "timestamp": null, "begin": null, "end": null, "altitudeMo": null, "tessellate": -1, "extrude": 0, "visibility": -1, "drawOrder": null, "icon": null, "layer": "Zonas Flash — Poligonos C2", "path": "C:/Users/User/Downloads/Zonas Flash.kml|layername=Poligonos C2|geometrytype=Polygon25D|uniqueGeometryType=yes" }, "geometry": { "type": "MultiPolygon", "coordinates": [ [ [ [ -58.397839770671673, -34.588282990883215 ], [ -58.398066421884359, -34.588033649167009 ], [ -58.398197388715211, -34.587723182175409 ], [ -58.39821780091998, -34.587386840971348 ], [ -58.398125340854811, -34.587062814429224 ], [ -58.397930506626317, -34.5867878931913 ], [ -58.397655420114866, -34.586593292382283 ], [ -58.395813848509263, -34.585711876871493 ], [ -58.393079041973323, -34.5843750417826 ], [ -58.391048549576979, -34.583336836129071 ], [ -58.390752360477663, -34.583239931158985 ], [ -58.390440723654478, -34.5832389083129 ], [ -58.390097423654481, -34.583291908312901 ], [ -58.389801971416425, -34.583386180767377 ], [ -58.387844574353487, -34.584367110261503 ], [ -58.3860376782971, -34.585189669500288 ], [ -58.385981829370664, -34.585217224462546 ], [ -58.384541954923861, -34.585984282517174 ], [ -58.383352708238434, -34.586552787488223 ], [ -58.383099109251916, -34.586726354226528 ], [ -58.382910189881031, -34.58696873271137 ], [ -58.38280379126661, -34.587257033237655 ], [ -58.38278996146596, -34.587564029321051 ], [ -58.382870006535839, -34.587860728908844 ], [ -58.383036367191252, -34.588119112327313 ], [ -58.384609967191253, -34.589890612327316 ], [ -58.384653890031792, -34.589936987354321 ], [ -58.386027190031797, -34.591297187354321 ], [ -58.386071578009314, -34.591338560700265 ], [ -58.387216045540939, -34.592342167632992 ], [ -58.387733350519731, -34.592814720999677 ], [ -58.38777926719203, -34.59285418307342 ], [ -58.38829726719203, -34.593272783073417 ], [ -58.388350438802938, -34.593312899439361 ], [ -58.388902138802933, -34.593700999439363 ], [ -58.388986802506452, -34.593754430000537 ], [ -58.389394502506455, -34.593984030000534 ], [ -58.389534772519681, -34.594049289868103 ], [ -58.389770772519682, -34.594137589868104 ], [ -58.390097988795645, -34.594200730583701 ], [ -58.390427782843929, -34.594152843978712 ], [ -58.390723528647356, -34.593999248207375 ], [ -58.392268528647357, -34.592833448207372 ], [ -58.392324257300629, -34.592788167853953 ], [ -58.393705871721515, -34.591580704013978 ], [ -58.395701844427983, -34.589955110854397 ], [ -58.397839770671673, -34.588282990883215 ] ] ] ] } },
{ "type": "Feature", "properties": { "id": null, "Name": "Polígono 3", "descriptio": null, "timestamp": null, "begin": null, "end": null, "altitudeMo": null, "tessellate": -1, "extrude": 0, "visibility": -1, "drawOrder": null, "icon": null, "layer": "Zonas Flash — Poligonos C2", "path": "C:/Users/User/Downloads/Zonas Flash.kml|layername=Poligonos C2|geometrytype=Polygon25D|uniqueGeometryType=yes" }, "geometry": { "type": "MultiPolygon", "coordinates": [ [ [ [ -58.392329761625362, -34.595820727500218 ], [ -58.392316818363021, -34.595947885575413 ], [ -58.392382330162135, -34.596252754554975 ], [ -58.392538561047239, -34.596522622672879 ], [ -58.39277031961285, -34.596731248792494 ], [ -58.393055070376704, -34.596858346758665 ], [ -58.393365125059951, -34.596891557960369 ], [ -58.396197525059954, -34.596750257960366 ], [ -58.396289072456391, -34.596741456478121 ], [ -58.399690172456388, -34.596255756478122 ], [ -58.39985777394358, -34.59621687050327 ], [ -58.402657973943583, -34.595307170503268 ], [ -58.402959480813799, -34.595148131044837 ], [ -58.403190049848781, -34.594897057624834 ], [ -58.403322888940011, -34.594583124960131 ], [ -58.403342562192776, -34.594242812008204 ], [ -58.403246783576243, -34.593915663114366 ], [ -58.402797437193009, -34.592999718478325 ], [ -58.401918876242114, -34.591182780935526 ], [ -58.401906055701836, -34.591157206978494 ], [ -58.400640055701835, -34.588719506978492 ], [ -58.400497099450071, -34.588512776926066 ], [ -58.400307110335596, -34.588348223163194 ], [ -58.397778210335595, -34.586663123163198 ], [ -58.397489121544034, -34.586531167538169 ], [ -58.397173229259671, -34.586496574459936 ], [ -58.396862433743657, -34.586562837297244 ], [ -58.396588120561951, -34.586723264522881 ], [ -58.393390920561956, -34.589355364522881 ], [ -58.39338199601552, -34.589362799049184 ], [ -58.392784401981572, -34.589866528132404 ], [ -58.392691729467934, -34.589886938327531 ], [ -58.392416077827022, -34.590051967372645 ], [ -58.392206983707389, -34.59029588961846 ], [ -58.392171528088817, -34.590383137045116 ], [ -58.391361896015518, -34.59106559904918 ], [ -58.391141583342751, -34.591328112209517 ], [ -58.391022844106885, -34.591649595999144 ], [ -58.391019624330092, -34.591992291879144 ], [ -58.391132302177844, -34.592315949932889 ], [ -58.392116814630548, -34.594087561481395 ], [ -58.392329555669654, -34.595819984175776 ], [ -58.392329761625362, -34.595820727500218 ] ] ] ] } },
{ "type": "Feature", "properties": { "id": null, "Name": "Polígono 4", "descriptio": null, "timestamp": null, "begin": null, "end": null, "altitudeMo": null, "tessellate": -1, "extrude": 0, "visibility": -1, "drawOrder": null, "icon": null, "layer": "Zonas Flash — Poligonos C2", "path": "C:/Users/User/Downloads/Zonas Flash.kml|layername=Poligonos C2|geometrytype=Polygon25D|uniqueGeometryType=yes" }, "geometry": { "type": "MultiPolygon", "coordinates": [ [ [ [ -58.382524360339509, -34.594475643726454 ], [ -58.382226288143876, -34.594509160078211 ], [ -58.381951564328467, -34.594629564417367 ], [ -58.38172490589924, -34.594826023919822 ], [ -58.381566705401127, -34.595080863049546 ], [ -58.381491196192997, -34.595371153833298 ], [ -58.381126396192997, -34.598868453833298 ], [ -58.381144806851623, -34.599189103059153 ], [ -58.381263916595763, -34.599487377676319 ], [ -58.381471438674232, -34.599732509202937 ], [ -58.381745966172268, -34.599899211126178 ], [ -58.382059180239203, -34.599970287329434 ], [ -58.392873180239206, -34.600640087329438 ], [ -58.393177026650655, -34.600612269601903 ], [ -58.393458341235835, -34.600494123201699 ], [ -58.393690934600549, -34.600296647141363 ], [ -58.393853153124127, -34.600038225744562 ], [ -58.393929894835033, -34.599742917130527 ], [ -58.394310194835029, -34.595993717130526 ], [ -58.394289965902871, -34.595669134227521 ], [ -58.394166653117061, -34.59536820694813 ], [ -58.39395329844114, -34.59512276234566 ], [ -58.39367246696343, -34.594958759444012 ], [ -58.393353860339509, -34.594893543726457 ], [ -58.382524360339509, -34.594475643726454 ] ] ] ] } },
{ "type": "Feature", "properties": { "id": null, "Name": "Polígono 4", "descriptio": null, "timestamp": null, "begin": null, "end": null, "altitudeMo": null, "tessellate": -1, "extrude": 0, "visibility": -1, "drawOrder": null, "icon": null, "layer": "Zonas Flash — Poligonos C2", "path": "C:/Users/User/Downloads/Zonas Flash.kml|layername=Poligonos C2|geometrytype=Polygon25D|uniqueGeometryType=yes" }, "geometry": { "type": "MultiPolygon", "coordinates": [ [ [ [ -58.382524360339509, -34.594475643726454 ], [ -58.382226288143876, -34.594509160078211 ], [ -58.381951564328467, -34.594629564417367 ], [ -58.38172490589924, -34.594826023919822 ], [ -58.381566705401127, -34.595080863049546 ], [ -58.381491196192997, -34.595371153833298 ], [ -58.381126396192997, -34.598868453833298 ], [ -58.381144806851623, -34.599189103059153 ], [ -58.381263916595763, -34.599487377676319 ], [ -58.381471438674232, -34.599732509202937 ], [ -58.381745966172268, -34.599899211126178 ], [ -58.382059180239203, -34.599970287329434 ], [ -58.392873180239206, -34.600640087329438 ], [ -58.393177026650655, -34.600612269601903 ], [ -58.393458341235835, -34.600494123201699 ], [ -58.393690934600549, -34.600296647141363 ], [ -58.393853153124127, -34.600038225744562 ], [ -58.393929894835033, -34.599742917130527 ], [ -58.394310194835029, -34.595993717130526 ], [ -58.394289965902871, -34.595669134227521 ], [ -58.394166653117061, -34.59536820694813 ], [ -58.39395329844114, -34.59512276234566 ], [ -58.39367246696343, -34.594958759444012 ], [ -58.393353860339509, -34.594893543726457 ], [ -58.382524360339509, -34.594475643726454 ] ] ] ] } },
{ "type": "Feature", "properties": { "id": null, "Name": "Polígono 5", "descriptio": null, "timestamp": null, "begin": null, "end": null, "altitudeMo": null, "tessellate": -1, "extrude": 0, "visibility": -1, "drawOrder": null, "icon": null, "layer": "Zonas Flash — Poligonos C2", "path": "C:/Users/User/Downloads/Zonas Flash.kml|layername=Poligonos C2|geometrytype=Polygon25D|uniqueGeometryType=yes" }, "geometry": { "type": "MultiPolygon", "coordinates": [ [ [ [ -58.39325753734655, -34.594894469655941 ], [ -58.392915981952925, -34.594975987534291 ], [ -58.392623664571488, -34.595170553204213 ], [ -58.392416629470439, -34.595454175696858 ], [ -58.392320405164966, -34.595791882869477 ], [ -58.39194010516497, -34.599541082869479 ], [ -58.391961171006983, -34.599869281966633 ], [ -58.392087564651376, -34.600172898606054 ], [ -58.392305615561654, -34.600419094092615 ], [ -58.392591739696513, -34.600581240312195 ], [ -58.392914990322446, -34.600641799786359 ], [ -58.398760990322444, -34.600758799786355 ], [ -58.398899018073578, -34.60075201144722 ], [ -58.402130018073578, -34.600368011447223 ], [ -58.402482935476691, -34.600257167657986 ], [ -58.404196935476691, -34.599342167657987 ], [ -58.404471573395334, -34.599126423523124 ], [ -58.404655272595107, -34.598829394699457 ], [ -58.404725627005739, -34.598487310243527 ], [ -58.40467405539296, -34.598141894715738 ], [ -58.403297055392962, -34.594037994715734 ], [ -58.403160974329957, -34.593772406855017 ], [ -58.402952582919411, -34.593558799768338 ], [ -58.402690439451611, -34.593416196227857 ], [ -58.402397889104556, -34.593357295787222 ], [ -58.402100984939885, -34.593387343823267 ], [ -58.397077380968078, -34.594673456336395 ], [ -58.39325753734655, -34.594894469655941 ] ] ] ] } },
{ "type": "Feature", "properties": { "id": null, "Name": "Polígono 5", "descriptio": null, "timestamp": null, "begin": null, "end": null, "altitudeMo": null, "tessellate": -1, "extrude": 0, "visibility": -1, "drawOrder": null, "icon": null, "layer": "Zonas Flash — Poligonos C2", "path": "C:/Users/User/Downloads/Zonas Flash.kml|layername=Poligonos C2|geometrytype=Polygon25D|uniqueGeometryType=yes" }, "geometry": { "type": "MultiPolygon", "coordinates": [ [ [ [ -58.39325753734655, -34.594894469655941 ], [ -58.392915981952925, -34.594975987534291 ], [ -58.392623664571488, -34.595170553204213 ], [ -58.392416629470439, -34.595454175696858 ], [ -58.392320405164966, -34.595791882869477 ], [ -58.39194010516497, -34.599541082869479 ], [ -58.391961171006983, -34.599869281966633 ], [ -58.392087564651376, -34.600172898606054 ], [ -58.392305615561654, -34.600419094092615 ], [ -58.392591739696513, -34.600581240312195 ], [ -58.392914990322446, -34.600641799786359 ], [ -58.398760990322444, -34.600758799786355 ], [ -58.398899018073578, -34.60075201144722 ], [ -58.402130018073578, -34.600368011447223 ], [ -58.402482935476691, -34.600257167657986 ], [ -58.404196935476691, -34.599342167657987 ], [ -58.404471573395334, -34.599126423523124 ], [ -58.404655272595107, -34.598829394699457 ], [ -58.404725627005739, -34.598487310243527 ], [ -58.40467405539296, -34.598141894715738 ], [ -58.403297055392962, -34.594037994715734 ], [ -58.403160974329957, -34.593772406855017 ], [ -58.402952582919411, -34.593558799768338 ], [ -58.402690439451611, -34.593416196227857 ], [ -58.402397889104556, -34.593357295787222 ], [ -58.402100984939885, -34.593387343823267 ], [ -58.397077380968078, -34.594673456336395 ], [ -58.39325753734655, -34.594894469655941 ] ] ] ] } },
{ "type": "Feature", "properties": { "id": null, "Name": "Polígono 6", "descriptio": null, "timestamp": null, "begin": null, "end": null, "altitudeMo": null, "tessellate": -1, "extrude": 0, "visibility": -1, "drawOrder": null, "icon": null, "layer": "Zonas Flash — Poligonos C2", "path": "C:/Users/User/Downloads/Zonas Flash.kml|layername=Poligonos C2|geometrytype=Polygon25D|uniqueGeometryType=yes" }, "geometry": { "type": "MultiPolygon", "coordinates": [ [ [ [ -58.396560349751645, -34.586746990940846 ], [ -58.396367689945997, -34.586978340826136 ], [ -58.39625261937968, -34.587256548185671 ], [ -58.396225568114438, -34.587556396145786 ], [ -58.396288988092373, -34.587850706316416 ], [ -58.396437130890526, -34.588112802255893 ], [ -58.396656568761216, -34.588318927438834 ], [ -58.396927411730729, -34.588450398561143 ], [ -58.397252385803789, -34.588551211199317 ], [ -58.398183034007026, -34.589240805123801 ], [ -58.398960963981857, -34.589834251808085 ], [ -58.399219063694112, -34.590353090726616 ], [ -58.399363560064437, -34.590568184209623 ], [ -58.399558471137333, -34.590738929871726 ], [ -58.39990177113733, -34.590968529871731 ], [ -58.400159314330189, -34.591091745384531 ], [ -58.400441179105727, -34.591137163520713 ], [ -58.400724390508593, -34.591101082222615 ], [ -58.400985863819074, -34.590986442497005 ], [ -58.401920638307395, -34.590405015863112 ], [ -58.402897003705981, -34.589891903655626 ], [ -58.402939936456455, -34.589867976576727 ], [ -58.404227436456452, -34.589108376576725 ], [ -58.404256708594993, -34.589090422003757 ], [ -58.404918089117167, -34.588668955973468 ], [ -58.406158747748762, -34.587894055246799 ], [ -58.406223624895759, -34.587849903254558 ], [ -58.408224624895759, -34.586370003254558 ], [ -58.408451545055058, -34.586136143598146 ], [ -58.408591231015599, -34.585841744328405 ], [ -58.4086288504894, -34.585518065671735 ], [ -58.408560408924195, -34.585199476830518 ], [ -58.408393173657394, -34.58491980655478 ], [ -58.407898039744232, -34.584335038692764 ], [ -58.407024265666294, -34.582935429079924 ], [ -58.406809792424653, -34.58269149682453 ], [ -58.406528452994245, -34.582529170481948 ], [ -58.406209929167922, -34.582465575759961 ], [ -58.403452829167918, -34.582371975759962 ], [ -58.403377763574653, -34.582372246460992 ], [ -58.401905863574655, -34.582432846460996 ], [ -58.401649502175388, -34.582477277504012 ], [ -58.401413279976026, -34.582586338758126 ], [ -58.400597279976026, -34.583101338758127 ], [ -58.400439344171183, -34.583224772740436 ], [ -58.399264945944054, -34.584349459420963 ], [ -58.396560349751645, -34.586746990940846 ] ] ] ] } },
{ "type": "Feature", "properties": { "id": null, "Name": "Polígono 6", "descriptio": null, "timestamp": null, "begin": null, "end": null, "altitudeMo": null, "tessellate": -1, "extrude": 0, "visibility": -1, "drawOrder": null, "icon": null, "layer": "Zonas Flash — Poligonos C2", "path": "C:/Users/User/Downloads/Zonas Flash.kml|layername=Poligonos C2|geometrytype=Polygon25D|uniqueGeometryType=yes" }, "geometry": { "type": "MultiPolygon", "coordinates": [ [ [ [ -58.396560349751645, -34.586746990940846 ], [ -58.396367689945997, -34.586978340826136 ], [ -58.39625261937968, -34.587256548185671 ], [ -58.396225568114438, -34.587556396145786 ], [ -58.396288988092373, -34.587850706316416 ], [ -58.396437130890526, -34.588112802255893 ], [ -58.396656568761216, -34.588318927438834 ], [ -58.396927411730729, -34.588450398561143 ], [ -58.397252385803789, -34.588551211199317 ], [ -58.398183034007026, -34.589240805123801 ], [ -58.398960963981857, -34.589834251808085 ], [ -58.399219063694112, -34.590353090726616 ], [ -58.399363560064437, -34.590568184209623 ], [ -58.399558471137333, -34.590738929871726 ], [ -58.39990177113733, -34.590968529871731 ], [ -58.400159314330189, -34.591091745384531 ], [ -58.400441179105727, -34.591137163520713 ], [ -58.400724390508593, -34.591101082222615 ], [ -58.400985863819074, -34.590986442497005 ], [ -58.401920638307395, -34.590405015863112 ], [ -58.402897003705981, -34.589891903655626 ], [ -58.402939936456455, -34.589867976576727 ], [ -58.404227436456452, -34.589108376576725 ], [ -58.404256708594993, -34.589090422003757 ], [ -58.404918089117167, -34.588668955973468 ], [ -58.406158747748762, -34.587894055246799 ], [ -58.406223624895759, -34.587849903254558 ], [ -58.408224624895759, -34.586370003254558 ], [ -58.408451545055058, -34.586136143598146 ], [ -58.408591231015599, -34.585841744328405 ], [ -58.4086288504894, -34.585518065671735 ], [ -58.408560408924195, -34.585199476830518 ], [ -58.408393173657394, -34.58491980655478 ], [ -58.407898039744232, -34.584335038692764 ], [ -58.407024265666294, -34.582935429079924 ], [ -58.406809792424653, -34.58269149682453 ], [ -58.406528452994245, -34.582529170481948 ], [ -58.406209929167922, -34.582465575759961 ], [ -58.403452829167918, -34.582371975759962 ], [ -58.403377763574653, -34.582372246460992 ], [ -58.401905863574655, -34.582432846460996 ], [ -58.401649502175388, -34.582477277504012 ], [ -58.401413279976026, -34.582586338758126 ], [ -58.400597279976026, -34.583101338758127 ], [ -58.400439344171183, -34.583224772740436 ], [ -58.399264945944054, -34.584349459420963 ], [ -58.396560349751645, -34.586746990940846 ] ] ] ] } },
{ "type": "Feature", "properties": { "id": null, "Name": "Polígono 7", "descriptio": null, "timestamp": null, "begin": null, "end": null, "altitudeMo": null, "tessellate": -1, "extrude": 0, "visibility": -1, "drawOrder": null, "icon": null, "layer": "Zonas Flash — Poligonos C2", "path": "C:/Users/User/Downloads/Zonas Flash.kml|layername=Poligonos C2|geometrytype=Polygon25D|uniqueGeometryType=yes" }, "geometry": { "type": "MultiPolygon", "coordinates": [ [ [ [ -58.400021194145296, -34.589237598583523 ], [ -58.399778696801825, -34.589403164687624 ], [ -58.399594741142565, -34.589632025806743 ], [ -58.399485187290317, -34.58990445019969 ], [ -58.39945948066012, -34.590196950226328 ], [ -58.399519837603002, -34.590484307383647 ], [ -58.400131037603003, -34.592136207383646 ], [ -58.4001756245978, -34.592238709795026 ], [ -58.401005124597802, -34.593887109795027 ], [ -58.401047557430857, -34.593963020710028 ], [ -58.401698557430855, -34.595017220710027 ], [ -58.401915734395857, -34.595265407072183 ], [ -58.402201830292242, -34.595429454146398 ], [ -58.402525728671016, -34.595491519794834 ], [ -58.40285220159808, -34.595444853614545 ], [ -58.404075301598084, -34.595056253614544 ], [ -58.404200778336097, -34.595006846870646 ], [ -58.405616978336091, -34.594335646870647 ], [ -58.405815714181685, -34.594211007840755 ], [ -58.406781314181686, -34.593433807840754 ], [ -58.406943796595513, -34.593268554939421 ], [ -58.407186811004962, -34.592955956153496 ], [ -58.407715880599831, -34.592604727751365 ], [ -58.407920666995082, -34.592424009087736 ], [ -58.408092759113245, -34.592224099339511 ], [ -58.408733781184708, -34.591525805397907 ], [ -58.409712064611526, -34.590712120532125 ], [ -58.40972918256552, -34.59069755415787 ], [ -58.410741582565521, -34.589816254157867 ], [ -58.410930325468264, -34.589596251675438 ], [ -58.411048039919152, -34.589331358709018 ], [ -58.411084834964328, -34.58904383288364 ], [ -58.411037618901013, -34.588757833549771 ], [ -58.410910359057773, -34.588497391794462 ], [ -58.41045585905777, -34.587832991794464 ], [ -58.410442945806416, -34.587814563284489 ], [ -58.4098618147152, -34.587004772913701 ], [ -58.409530178075791, -34.58648316501214 ], [ -58.409488176729319, -34.586422210493005 ], [ -58.408852834552796, -34.585569532578923 ], [ -58.408449427950458, -34.584992817800348 ], [ -58.408224934967727, -34.584762226161054 ], [ -58.40793882480633, -34.584614881059494 ], [ -58.407620729782224, -34.584566042969392 ], [ -58.407303594870889, -34.58462077003238 ], [ -58.407020265609333, -34.58477339418824 ], [ -58.406232390820207, -34.585379489106224 ], [ -58.405504972048675, -34.585875703003232 ], [ -58.405444314381548, -34.585920523919661 ], [ -58.404777502273717, -34.586453260731133 ], [ -58.403893095389279, -34.586952268597095 ], [ -58.403812919097746, -34.587002654283921 ], [ -58.403439298131815, -34.58726291352923 ], [ -58.402286172624692, -34.587890146245151 ], [ -58.402282865578414, -34.587891953167819 ], [ -58.401252865578414, -34.588457253167817 ], [ -58.40116067220314, -34.588514573912683 ], [ -58.400367584531772, -34.589069541238118 ], [ -58.400021194145296, -34.589237598583523 ] ] ] ] } },
{ "type": "Feature", "properties": { "id": null, "Name": "Polígono 7", "descriptio": null, "timestamp": null, "begin": null, "end": null, "altitudeMo": null, "tessellate": -1, "extrude": 0, "visibility": -1, "drawOrder": null, "icon": null, "layer": "Zonas Flash — Poligonos C2", "path": "C:/Users/User/Downloads/Zonas Flash.kml|layername=Poligonos C2|geometrytype=Polygon25D|uniqueGeometryType=yes" }, "geometry": { "type": "MultiPolygon", "coordinates": [ [ [ [ -58.400021194145296, -34.589237598583523 ], [ -58.399778696801825, -34.589403164687624 ], [ -58.399594741142565, -34.589632025806743 ], [ -58.399485187290317, -34.58990445019969 ], [ -58.39945948066012, -34.590196950226328 ], [ -58.399519837603002, -34.590484307383647 ], [ -58.400131037603003, -34.592136207383646 ], [ -58.4001756245978, -34.592238709795026 ], [ -58.401005124597802, -34.593887109795027 ], [ -58.401047557430857, -34.593963020710028 ], [ -58.401698557430855, -34.595017220710027 ], [ -58.401915734395857, -34.595265407072183 ], [ -58.402201830292242, -34.595429454146398 ], [ -58.402525728671016, -34.595491519794834 ], [ -58.40285220159808, -34.595444853614545 ], [ -58.404075301598084, -34.595056253614544 ], [ -58.404200778336097, -34.595006846870646 ], [ -58.405616978336091, -34.594335646870647 ], [ -58.405815714181685, -34.594211007840755 ], [ -58.406781314181686, -34.593433807840754 ], [ -58.406943796595513, -34.593268554939421 ], [ -58.407186811004962, -34.592955956153496 ], [ -58.407715880599831, -34.592604727751365 ], [ -58.407920666995082, -34.592424009087736 ], [ -58.408092759113245, -34.592224099339511 ], [ -58.408733781184708, -34.591525805397907 ], [ -58.409712064611526, -34.590712120532125 ], [ -58.40972918256552, -34.59069755415787 ], [ -58.410741582565521, -34.589816254157867 ], [ -58.410930325468264, -34.589596251675438 ], [ -58.411048039919152, -34.589331358709018 ], [ -58.411084834964328, -34.58904383288364 ], [ -58.411037618901013, -34.588757833549771 ], [ -58.410910359057773, -34.588497391794462 ], [ -58.41045585905777, -34.587832991794464 ], [ -58.410442945806416, -34.587814563284489 ], [ -58.4098618147152, -34.587004772913701 ], [ -58.409530178075791, -34.58648316501214 ], [ -58.409488176729319, -34.586422210493005 ], [ -58.408852834552796, -34.585569532578923 ], [ -58.408449427950458, -34.584992817800348 ], [ -58.408224934967727, -34.584762226161054 ], [ -58.40793882480633, -34.584614881059494 ], [ -58.407620729782224, -34.584566042969392 ], [ -58.407303594870889, -34.58462077003238 ], [ -58.407020265609333, -34.58477339418824 ], [ -58.406232390820207, -34.585379489106224 ], [ -58.405504972048675, -34.585875703003232 ], [ -58.405444314381548, -34.585920523919661 ], [ -58.404777502273717, -34.586453260731133 ], [ -58.403893095389279, -34.586952268597095 ], [ -58.403812919097746, -34.587002654283921 ], [ -58.403439298131815, -34.58726291352923 ], [ -58.402286172624692, -34.587890146245151 ], [ -58.402282865578414, -34.587891953167819 ], [ -58.401252865578414, -34.588457253167817 ], [ -58.40116067220314, -34.588514573912683 ], [ -58.400367584531772, -34.589069541238118 ], [ -58.400021194145296, -34.589237598583523 ] ] ] ] } },
{ "type": "Feature", "properties": { "id": null, "Name": "Polígono 8", "descriptio": null, "timestamp": null, "begin": null, "end": null, "altitudeMo": null, "tessellate": -1, "extrude": 0, "visibility": -1, "drawOrder": null, "icon": null, "layer": "Zonas Flash — Poligonos C2", "path": "C:/Users/User/Downloads/Zonas Flash.kml|layername=Poligonos C2|geometrytype=Polygon25D|uniqueGeometryType=yes" }, "geometry": { "type": "MultiPolygon", "coordinates": [ [ [ [ -58.402246598401916, -34.593538746385455 ], [ -58.401971088837279, -34.593675983722228 ], [ -58.401750368244812, -34.593890511172397 ], [ -58.401605347606662, -34.594162004489668 ], [ -58.401549766121065, -34.594464742503916 ], [ -58.401588889556123, -34.594770043934709 ], [ -58.402254089556124, -34.597066343934706 ], [ -58.40225833505248, -34.597080601880592 ], [ -58.40276973505248, -34.598752501880597 ], [ -58.402895550603795, -34.599017094067776 ], [ -58.403092650750771, -34.599233866092099 ], [ -58.403344116696971, -34.599384210551158 ], [ -58.403628362963047, -34.599455222090299 ], [ -58.403920990253575, -34.599440805179952 ], [ -58.404196879857928, -34.599342197347198 ], [ -58.40475900442258, -34.599042158885304 ], [ -58.405583220978336, -34.599045974702683 ], [ -58.408139724225762, -34.599073914628889 ], [ -58.409417376906994, -34.599093877952036 ], [ -58.409707693390772, -34.599055531872104 ], [ -58.409974453794824, -34.598934730508589 ], [ -58.410194782325433, -34.5987418330716 ], [ -58.410349784911588, -34.598493381303882 ], [ -58.410426169448705, -34.598210680958843 ], [ -58.410417385650888, -34.597917974745215 ], [ -58.410324186764655, -34.597640363415834 ], [ -58.410028086764655, -34.597058663415829 ], [ -58.410024833486787, -34.59705232812798 ], [ -58.409407125407583, -34.595859899368861 ], [ -58.408853547127457, -34.594738156680762 ], [ -58.408592420052649, -34.594209163755181 ], [ -58.40826404680837, -34.593381295876007 ], [ -58.408189249193256, -34.593230958752486 ], [ -58.40808194919326, -34.593054258752488 ], [ -58.407877530614115, -34.592813648703455 ], [ -58.406804630614111, -34.591895148703451 ], [ -58.406508058191598, -34.591719463086434 ], [ -58.406169451995119, -34.591654914798063 ], [ -58.405829045428916, -34.591709173507141 ], [ -58.405527285818309, -34.591875792159243 ], [ -58.404653693275876, -34.592578936446714 ], [ -58.403405290566809, -34.593170609867364 ], [ -58.402246598401916, -34.593538746385455 ] ] ] ] } },
{ "type": "Feature", "properties": { "id": null, "Name": "Polígono 8", "descriptio": null, "timestamp": null, "begin": null, "end": null, "altitudeMo": null, "tessellate": -1, "extrude": 0, "visibility": -1, "drawOrder": null, "icon": null, "layer": "Zonas Flash — Poligonos C2", "path": "C:/Users/User/Downloads/Zonas Flash.kml|layername=Poligonos C2|geometrytype=Polygon25D|uniqueGeometryType=yes" }, "geometry": { "type": "MultiPolygon", "coordinates": [ [ [ [ -58.402246598401916, -34.593538746385455 ], [ -58.401971088837279, -34.593675983722228 ], [ -58.401750368244812, -34.593890511172397 ], [ -58.401605347606662, -34.594162004489668 ], [ -58.401549766121065, -34.594464742503916 ], [ -58.401588889556123, -34.594770043934709 ], [ -58.402254089556124, -34.597066343934706 ], [ -58.40225833505248, -34.597080601880592 ], [ -58.40276973505248, -34.598752501880597 ], [ -58.402895550603795, -34.599017094067776 ], [ -58.403092650750771, -34.599233866092099 ], [ -58.403344116696971, -34.599384210551158 ], [ -58.403628362963047, -34.599455222090299 ], [ -58.403920990253575, -34.599440805179952 ], [ -58.404196879857928, -34.599342197347198 ], [ -58.40475900442258, -34.599042158885304 ], [ -58.405583220978336, -34.599045974702683 ], [ -58.408139724225762, -34.599073914628889 ], [ -58.409417376906994, -34.599093877952036 ], [ -58.409707693390772, -34.599055531872104 ], [ -58.409974453794824, -34.598934730508589 ], [ -58.410194782325433, -34.5987418330716 ], [ -58.410349784911588, -34.598493381303882 ], [ -58.410426169448705, -34.598210680958843 ], [ -58.410417385650888, -34.597917974745215 ], [ -58.410324186764655, -34.597640363415834 ], [ -58.410028086764655, -34.597058663415829 ], [ -58.410024833486787, -34.59705232812798 ], [ -58.409407125407583, -34.595859899368861 ], [ -58.408853547127457, -34.594738156680762 ], [ -58.408592420052649, -34.594209163755181 ], [ -58.40826404680837, -34.593381295876007 ], [ -58.408189249193256, -34.593230958752486 ], [ -58.40808194919326, -34.593054258752488 ], [ -58.407877530614115, -34.592813648703455 ], [ -58.406804630614111, -34.591895148703451 ], [ -58.406508058191598, -34.591719463086434 ], [ -58.406169451995119, -34.591654914798063 ], [ -58.405829045428916, -34.591709173507141 ], [ -58.405527285818309, -34.591875792159243 ], [ -58.404653693275876, -34.592578936446714 ], [ -58.403405290566809, -34.593170609867364 ], [ -58.402246598401916, -34.593538746385455 ] ] ] ] } },
{ "type": "Feature", "properties": { "id": null, "Name": "Polígono 9", "descriptio": null, "timestamp": null, "begin": null, "end": null, "altitudeMo": null, "tessellate": -1, "extrude": 0, "visibility": -1, "drawOrder": null, "icon": null, "layer": "Zonas Flash — Poligonos C2", "path": "C:/Users/User/Downloads/Zonas Flash.kml|layername=Poligonos C2|geometrytype=Polygon25D|uniqueGeometryType=yes" }, "geometry": { "type": "MultiPolygon", "coordinates": [ [ [ [ -58.410841069908265, -34.588407509133894 ], [ -58.410601599838202, -34.588205773039917 ], [ -58.410311480581086, -34.588087984319223 ], [ -58.409999156405448, -34.588065691374482 ], [ -58.409695248624779, -34.588141079881034 ], [ -58.409429553380868, -34.588306758495932 ], [ -58.408165879350946, -34.589403455203055 ], [ -58.407077793555153, -34.590316755287134 ], [ -58.40694713765194, -34.590448979798602 ], [ -58.406380151600544, -34.591141081865523 ], [ -58.405501989438115, -34.591896848200179 ], [ -58.405284292406797, -34.592161761677168 ], [ -58.405168883166759, -34.592484642235661 ], [ -58.405169330514795, -34.592827528437795 ], [ -58.405285581855701, -34.593150106759254 ], [ -58.405503969385883, -34.593414451296546 ], [ -58.406410744909678, -34.594190733632836 ], [ -58.406961864791121, -34.595385525918921 ], [ -58.407475892268486, -34.596513791278952 ], [ -58.407521261649585, -34.596601594787977 ], [ -58.407974838485011, -34.597382215797893 ], [ -58.408533713160907, -34.59853135932714 ], [ -58.408706134415766, -34.598780779748147 ], [ -58.408945383427536, -34.598967057889411 ], [ -58.409229463729254, -34.599073067406515 ], [ -58.40953225708153, -34.599089061823094 ], [ -58.410015965743327, -34.599040812047086 ], [ -58.412512211711984, -34.59897111039227 ], [ -58.412516193209498, -34.598970991282194 ], [ -58.414662598073399, -34.598902500699822 ], [ -58.416035302933402, -34.598859509943097 ], [ -58.416357951402546, -34.598795263815525 ], [ -58.416642291853137, -34.598629794459718 ], [ -58.416857550232066, -34.598381010557802 ], [ -58.416980429211179, -34.598075837891855 ], [ -58.416997629647774, -34.5977473051773 ], [ -58.416907289945492, -34.59743096937828 ], [ -58.416332404561643, -34.596220593799586 ], [ -58.415965543627948, -34.595113458214549 ], [ -58.41592741030307, -34.595015837391749 ], [ -58.415308110303073, -34.593646837391752 ], [ -58.415187576492364, -34.593446636701195 ], [ -58.414154676492366, -34.592113136701194 ], [ -58.414095958352391, -34.592044043213377 ], [ -58.413603777552808, -34.591515459983846 ], [ -58.412457375853762, -34.590274670848792 ], [ -58.410841069908265, -34.588407509133894 ] ] ] ] } },
{ "type": "Feature", "properties": { "id": null, "Name": "Polígono 9", "descriptio": null, "timestamp": null, "begin": null, "end": null, "altitudeMo": null, "tessellate": -1, "extrude": 0, "visibility": -1, "drawOrder": null, "icon": null, "layer": "Zonas Flash — Poligonos C2", "path": "C:/Users/User/Downloads/Zonas Flash.kml|layername=Poligonos C2|geometrytype=Polygon25D|uniqueGeometryType=yes" }, "geometry": { "type": "MultiPolygon", "coordinates": [ [ [ [ -58.410841069908265, -34.588407509133894 ], [ -58.410601599838202, -34.588205773039917 ], [ -58.410311480581086, -34.588087984319223 ], [ -58.409999156405448, -34.588065691374482 ], [ -58.409695248624779, -34.588141079881034 ], [ -58.409429553380868, -34.588306758495932 ], [ -58.408165879350946, -34.589403455203055 ], [ -58.407077793555153, -34.590316755287134 ], [ -58.40694713765194, -34.590448979798602 ], [ -58.406380151600544, -34.591141081865523 ], [ -58.405501989438115, -34.591896848200179 ], [ -58.405284292406797, -34.592161761677168 ], [ -58.405168883166759, -34.592484642235661 ], [ -58.405169330514795, -34.592827528437795 ], [ -58.405285581855701, -34.593150106759254 ], [ -58.405503969385883, -34.593414451296546 ], [ -58.406410744909678, -34.594190733632836 ], [ -58.406961864791121, -34.595385525918921 ], [ -58.407475892268486, -34.596513791278952 ], [ -58.407521261649585, -34.596601594787977 ], [ -58.407974838485011, -34.597382215797893 ], [ -58.408533713160907, -34.59853135932714 ], [ -58.408706134415766, -34.598780779748147 ], [ -58.408945383427536, -34.598967057889411 ], [ -58.409229463729254, -34.599073067406515 ], [ -58.40953225708153, -34.599089061823094 ], [ -58.410015965743327, -34.599040812047086 ], [ -58.412512211711984, -34.59897111039227 ], [ -58.412516193209498, -34.598970991282194 ], [ -58.414662598073399, -34.598902500699822 ], [ -58.416035302933402, -34.598859509943097 ], [ -58.416357951402546, -34.598795263815525 ], [ -58.416642291853137, -34.598629794459718 ], [ -58.416857550232066, -34.598381010557802 ], [ -58.416980429211179, -34.598075837891855 ], [ -58.416997629647774, -34.5977473051773 ], [ -58.416907289945492, -34.59743096937828 ], [ -58.416332404561643, -34.596220593799586 ], [ -58.415965543627948, -34.595113458214549 ], [ -58.41592741030307, -34.595015837391749 ], [ -58.415308110303073, -34.593646837391752 ], [ -58.415187576492364, -34.593446636701195 ], [ -58.414154676492366, -34.592113136701194 ], [ -58.414095958352391, -34.592044043213377 ], [ -58.413603777552808, -34.591515459983846 ], [ -58.412457375853762, -34.590274670848792 ], [ -58.410841069908265, -34.588407509133894 ] ] ] ] } },
{ "type": "Feature", "properties": { "id": null, "Name": "Polígono 9", "descriptio": null, "timestamp": null, "begin": null, "end": null, "altitudeMo": null, "tessellate": -1, "extrude": 0, "visibility": -1, "drawOrder": null, "icon": null, "layer": "Zonas Flash — Poligonos C2", "path": "C:/Users/User/Downloads/Zonas Flash.kml|layername=Poligonos C2|geometrytype=Polygon25D|uniqueGeometryType=yes" }, "geometry": { "type": "MultiPolygon", "coordinates": [ [ [ [ -58.410841069908265, -34.588407509133894 ], [ -58.410601599838202, -34.588205773039917 ], [ -58.410311480581086, -34.588087984319223 ], [ -58.409999156405448, -34.588065691374482 ], [ -58.409695248624779, -34.588141079881034 ], [ -58.409429553380868, -34.588306758495932 ], [ -58.408165879350946, -34.589403455203055 ], [ -58.407077793555153, -34.590316755287134 ], [ -58.40694713765194, -34.590448979798602 ], [ -58.406380151600544, -34.591141081865523 ], [ -58.405501989438115, -34.591896848200179 ], [ -58.405284292406797, -34.592161761677168 ], [ -58.405168883166759, -34.592484642235661 ], [ -58.405169330514795, -34.592827528437795 ], [ -58.405285581855701, -34.593150106759254 ], [ -58.405503969385883, -34.593414451296546 ], [ -58.406410744909678, -34.594190733632836 ], [ -58.406961864791121, -34.595385525918921 ], [ -58.407475892268486, -34.596513791278952 ], [ -58.407521261649585, -34.596601594787977 ], [ -58.407974838485011, -34.597382215797893 ], [ -58.408533713160907, -34.59853135932714 ], [ -58.408706134415766, -34.598780779748147 ], [ -58.408945383427536, -34.598967057889411 ], [ -58.409229463729254, -34.599073067406515 ], [ -58.40953225708153, -34.599089061823094 ], [ -58.410015965743327, -34.599040812047086 ], [ -58.412512211711984, -34.59897111039227 ], [ -58.412516193209498, -34.598970991282194 ], [ -58.414662598073399, -34.598902500699822 ], [ -58.416035302933402, -34.598859509943097 ], [ -58.416357951402546, -34.598795263815525 ], [ -58.416642291853137, -34.598629794459718 ], [ -58.416857550232066, -34.598381010557802 ], [ -58.416980429211179, -34.598075837891855 ], [ -58.416997629647774, -34.5977473051773 ], [ -58.416907289945492, -34.59743096937828 ], [ -58.416332404561643, -34.596220593799586 ], [ -58.415965543627948, -34.595113458214549 ], [ -58.41592741030307, -34.595015837391749 ], [ -58.415308110303073, -34.593646837391752 ], [ -58.415187576492364, -34.593446636701195 ], [ -58.414154676492366, -34.592113136701194 ], [ -58.414095958352391, -34.592044043213377 ], [ -58.413603777552808, -34.591515459983846 ], [ -58.412457375853762, -34.590274670848792 ], [ -58.410841069908265, -34.588407509133894 ] ] ] ] } },
{ "type": "Feature", "properties": { "id": null, "Name": "Polígono 9", "descriptio": null, "timestamp": null, "begin": null, "end": null, "altitudeMo": null, "tessellate": -1, "extrude": 0, "visibility": -1, "drawOrder": null, "icon": null, "layer": "Zonas Flash — Poligonos C2", "path": "C:/Users/User/Downloads/Zonas Flash.kml|layername=Poligonos C2|geometrytype=Polygon25D|uniqueGeometryType=yes" }, "geometry": { "type": "MultiPolygon", "coordinates": [ [ [ [ -58.410841069908265, -34.588407509133894 ], [ -58.410601599838202, -34.588205773039917 ], [ -58.410311480581086, -34.588087984319223 ], [ -58.409999156405448, -34.588065691374482 ], [ -58.409695248624779, -34.588141079881034 ], [ -58.409429553380868, -34.588306758495932 ], [ -58.408165879350946, -34.589403455203055 ], [ -58.407077793555153, -34.590316755287134 ], [ -58.40694713765194, -34.590448979798602 ], [ -58.406380151600544, -34.591141081865523 ], [ -58.405501989438115, -34.591896848200179 ], [ -58.405284292406797, -34.592161761677168 ], [ -58.405168883166759, -34.592484642235661 ], [ -58.405169330514795, -34.592827528437795 ], [ -58.405285581855701, -34.593150106759254 ], [ -58.405503969385883, -34.593414451296546 ], [ -58.406410744909678, -34.594190733632836 ], [ -58.406961864791121, -34.595385525918921 ], [ -58.407475892268486, -34.596513791278952 ], [ -58.407521261649585, -34.596601594787977 ], [ -58.407974838485011, -34.597382215797893 ], [ -58.408533713160907, -34.59853135932714 ], [ -58.408706134415766, -34.598780779748147 ], [ -58.408945383427536, -34.598967057889411 ], [ -58.409229463729254, -34.599073067406515 ], [ -58.40953225708153, -34.599089061823094 ], [ -58.410015965743327, -34.599040812047086 ], [ -58.412512211711984, -34.59897111039227 ], [ -58.412516193209498, -34.598970991282194 ], [ -58.414662598073399, -34.598902500699822 ], [ -58.416035302933402, -34.598859509943097 ], [ -58.416357951402546, -34.598795263815525 ], [ -58.416642291853137, -34.598629794459718 ], [ -58.416857550232066, -34.598381010557802 ], [ -58.416980429211179, -34.598075837891855 ], [ -58.416997629647774, -34.5977473051773 ], [ -58.416907289945492, -34.59743096937828 ], [ -58.416332404561643, -34.596220593799586 ], [ -58.415965543627948, -34.595113458214549 ], [ -58.41592741030307, -34.595015837391749 ], [ -58.415308110303073, -34.593646837391752 ], [ -58.415187576492364, -34.593446636701195 ], [ -58.414154676492366, -34.592113136701194 ], [ -58.414095958352391, -34.592044043213377 ], [ -58.413603777552808, -34.591515459983846 ], [ -58.412457375853762, -34.590274670848792 ], [ -58.410841069908265, -34.588407509133894 ] ] ] ] } },
{ "type": "Feature", "properties": { "id": null, "Name": "Polígono 10", "descriptio": null, "timestamp": null, "begin": null, "end": null, "altitudeMo": null, "tessellate": -1, "extrude": 0, "visibility": -1, "drawOrder": null, "icon": null, "layer": "Zonas Flash — Poligonos C2", "path": "C:/Users/User/Downloads/Zonas Flash.kml|layername=Poligonos C2|geometrytype=Polygon25D|uniqueGeometryType=yes" }, "geometry": { "type": "MultiPolygon", "coordinates": [ [ [ [ -58.392880497822155, -34.591344450067105 ], [ -58.392628421952914, -34.591047200197892 ], [ -58.390507221952916, -34.589362100197896 ], [ -58.390225790955171, -34.589204888427396 ], [ -58.38990896610391, -34.589145382453736 ], [ -58.389589671504154, -34.589189766075059 ], [ -58.389301087914575, -34.589333426992155 ], [ -58.387291887914571, -34.590779326992156 ], [ -58.387028200326405, -34.591060683383766 ], [ -58.386890574244831, -34.591420893912378 ], [ -58.386175574244831, -34.59556289391238 ], [ -58.386175922038554, -34.595905108715264 ], [ -58.386291633388311, -34.596227167678514 ], [ -58.386509157211549, -34.596491354125163 ], [ -58.386803019055733, -34.59666672889189 ], [ -58.387138804439317, -34.596732753648205 ], [ -58.389757028360421, -34.596790880915876 ], [ -58.393286552827725, -34.596892386714643 ], [ -58.393595666682621, -34.596852692974906 ], [ -58.393877549371638, -34.596719767740659 ], [ -58.394104822483776, -34.596506521636911 ], [ -58.394255411670684, -34.596233666611212 ], [ -58.39431469066119, -34.595927704244978 ], [ -58.394321490661191, -34.595733004244977 ], [ -58.39431781079351, -34.595605579647184 ], [ -58.394232910793512, -34.594691879647186 ], [ -58.394226169294903, -34.594636279327105 ], [ -58.394074569294901, -34.5936240793271 ], [ -58.393959697822154, -34.593286450067104 ], [ -58.392880497822155, -34.591344450067105 ] ] ] ] } },
{ "type": "Feature", "properties": { "id": null, "Name": "Polígono 10", "descriptio": null, "timestamp": null, "begin": null, "end": null, "altitudeMo": null, "tessellate": -1, "extrude": 0, "visibility": -1, "drawOrder": null, "icon": null, "layer": "Zonas Flash — Poligonos C2", "path": "C:/Users/User/Downloads/Zonas Flash.kml|layername=Poligonos C2|geometrytype=Polygon25D|uniqueGeometryType=yes" }, "geometry": { "type": "MultiPolygon", "coordinates": [ [ [ [ -58.392880497822155, -34.591344450067105 ], [ -58.392628421952914, -34.591047200197892 ], [ -58.390507221952916, -34.589362100197896 ], [ -58.390225790955171, -34.589204888427396 ], [ -58.38990896610391, -34.589145382453736 ], [ -58.389589671504154, -34.589189766075059 ], [ -58.389301087914575, -34.589333426992155 ], [ -58.387291887914571, -34.590779326992156 ], [ -58.387028200326405, -34.591060683383766 ], [ -58.386890574244831, -34.591420893912378 ], [ -58.386175574244831, -34.59556289391238 ], [ -58.386175922038554, -34.595905108715264 ], [ -58.386291633388311, -34.596227167678514 ], [ -58.386509157211549, -34.596491354125163 ], [ -58.386803019055733, -34.59666672889189 ], [ -58.387138804439317, -34.596732753648205 ], [ -58.389757028360421, -34.596790880915876 ], [ -58.393286552827725, -34.596892386714643 ], [ -58.393595666682621, -34.596852692974906 ], [ -58.393877549371638, -34.596719767740659 ], [ -58.394104822483776, -34.596506521636911 ], [ -58.394255411670684, -34.596233666611212 ], [ -58.39431469066119, -34.595927704244978 ], [ -58.394321490661191, -34.595733004244977 ], [ -58.39431781079351, -34.595605579647184 ], [ -58.394232910793512, -34.594691879647186 ], [ -58.394226169294903, -34.594636279327105 ], [ -58.394074569294901, -34.5936240793271 ], [ -58.393959697822154, -34.593286450067104 ], [ -58.392880497822155, -34.591344450067105 ] ] ] ] } },
{ "type": "Feature", "properties": { "id": null, "Name": "Zona control", "descriptio": null, "timestamp": null, "begin": null, "end": null, "altitudeMo": null, "tessellate": -1, "extrude": 0, "visibility": -1, "drawOrder": null, "icon": null, "layer": "Zonas Flash — Zona de Control", "path": "C:/Users/User/Downloads/Zonas Flash.kml|layername=Zona de Control|geometrytype=Polygon25D|uniqueGeometryType=yes" }, "geometry": { "type": "MultiPolygon", "coordinates": [ [ [ [ -58.442749431833072, -34.614958798165617 ], [ -58.442689872770913, -34.614868583296307 ], [ -58.442473730918913, -34.61468541224766 ], [ -58.441068230918908, -34.613802512247666 ], [ -58.440855203153212, -34.61370151269324 ], [ -58.440624450195706, -34.613653192805472 ], [ -58.439750295264979, -34.61357583473734 ], [ -58.438139585143048, -34.613014646678501 ], [ -58.435047658704811, -34.611781639498609 ], [ -58.430754821381719, -34.609966640291049 ], [ -58.430431051101927, -34.609889857360692 ], [ -58.430100011747491, -34.609923558373765 ], [ -58.429798356926767, -34.610064011859315 ], [ -58.429559486709898, -34.610295666412398 ], [ -58.429409849479121, -34.610592872589379 ], [ -58.428088549479121, -34.61487527258938 ], [ -58.428057943147579, -34.615004284854649 ], [ -58.426920743147583, -34.621767584854652 ], [ -58.426920194485923, -34.622095918394301 ], [ -58.427026015850238, -34.622406731928663 ], [ -58.427226799357307, -34.622666518759694 ], [ -58.427636099357301, -34.62304621875969 ], [ -58.427891183606313, -34.623218285652285 ], [ -58.428186506277981, -34.623304654102647 ], [ -58.434666706277987, -34.624152254102647 ], [ -58.434754787842358, -34.624159833839052 ], [ -58.438145087842358, -34.624301033839053 ], [ -58.438255106129944, -34.624299557557173 ], [ -58.44271301838485, -34.623993893030509 ], [ -58.443272156652668, -34.624156307559574 ], [ -58.443617586126784, -34.624193787349562 ], [ -58.443954988979719, -34.624110808008311 ], [ -58.444243631828193, -34.623917387321029 ], [ -58.44450113182819, -34.623670187321032 ], [ -58.444682763947689, -34.62343443092216 ], [ -58.445360022902214, -34.622215325353956 ], [ -58.446079428469965, -34.621031240000697 ], [ -58.446187771564993, -34.620781602976649 ], [ -58.4462248, -34.620512 ], [ -58.4462248, -34.619577888974717 ], [ -58.446751741944816, -34.61750969615062 ], [ -58.446781986167771, -34.617225022296189 ], [ -58.446730334975655, -34.616943444472547 ], [ -58.446601021385952, -34.616688039085098 ], [ -58.446404643153784, -34.616479737605637 ], [ -58.446157294244372, -34.616335611156188 ], [ -58.442749431833072, -34.614958798165617 ] ] ] ] } },
{ "type": "Feature", "properties": { "id": null, "Name": "Zona control", "descriptio": null, "timestamp": null, "begin": null, "end": null, "altitudeMo": null, "tessellate": -1, "extrude": 0, "visibility": -1, "drawOrder": null, "icon": null, "layer": "Zonas Flash — Zona de Control", "path": "C:/Users/User/Downloads/Zonas Flash.kml|layername=Zona de Control|geometrytype=Polygon25D|uniqueGeometryType=yes" }, "geometry": { "type": "MultiPolygon", "coordinates": [ [ [ [ -58.442749431833072, -34.614958798165617 ], [ -58.442689872770913, -34.614868583296307 ], [ -58.442473730918913, -34.61468541224766 ], [ -58.441068230918908, -34.613802512247666 ], [ -58.440855203153212, -34.61370151269324 ], [ -58.440624450195706, -34.613653192805472 ], [ -58.439750295264979, -34.61357583473734 ], [ -58.438139585143048, -34.613014646678501 ], [ -58.435047658704811, -34.611781639498609 ], [ -58.430754821381719, -34.609966640291049 ], [ -58.430431051101927, -34.609889857360692 ], [ -58.430100011747491, -34.609923558373765 ], [ -58.429798356926767, -34.610064011859315 ], [ -58.429559486709898, -34.610295666412398 ], [ -58.429409849479121, -34.610592872589379 ], [ -58.428088549479121, -34.61487527258938 ], [ -58.428057943147579, -34.615004284854649 ], [ -58.426920743147583, -34.621767584854652 ], [ -58.426920194485923, -34.622095918394301 ], [ -58.427026015850238, -34.622406731928663 ], [ -58.427226799357307, -34.622666518759694 ], [ -58.427636099357301, -34.62304621875969 ], [ -58.427891183606313, -34.623218285652285 ], [ -58.428186506277981, -34.623304654102647 ], [ -58.434666706277987, -34.624152254102647 ], [ -58.434754787842358, -34.624159833839052 ], [ -58.438145087842358, -34.624301033839053 ], [ -58.438255106129944, -34.624299557557173 ], [ -58.44271301838485, -34.623993893030509 ], [ -58.443272156652668, -34.624156307559574 ], [ -58.443617586126784, -34.624193787349562 ], [ -58.443954988979719, -34.624110808008311 ], [ -58.444243631828193, -34.623917387321029 ], [ -58.44450113182819, -34.623670187321032 ], [ -58.444682763947689, -34.62343443092216 ], [ -58.445360022902214, -34.622215325353956 ], [ -58.446079428469965, -34.621031240000697 ], [ -58.446187771564993, -34.620781602976649 ], [ -58.4462248, -34.620512 ], [ -58.4462248, -34.619577888974717 ], [ -58.446751741944816, -34.61750969615062 ], [ -58.446781986167771, -34.617225022296189 ], [ -58.446730334975655, -34.616943444472547 ], [ -58.446601021385952, -34.616688039085098 ], [ -58.446404643153784, -34.616479737605637 ], [ -58.446157294244372, -34.616335611156188 ], [ -58.442749431833072, -34.614958798165617 ] ] ] ] } },
{ "type": "Feature", "properties": { "id": null, "Name": "Zona de frontera", "descriptio": null, "timestamp": null, "begin": null, "end": null, "altitudeMo": null, "tessellate": -1, "extrude": 0, "visibility": -1, "drawOrder": null, "icon": null, "layer": "Zonas Flash — Zona de Frontera", "path": "C:/Users/User/Downloads/Zonas Flash.kml|layername=Zona de Frontera|geometrytype=Polygon25D|uniqueGeometryType=yes" }, "geometry": { "type": "MultiPolygon", "coordinates": [ [ [ [ -58.460690788483333, -34.578874955958909 ], [ -58.460859459435596, -34.57858992223958 ], [ -58.46092577926229, -34.578265429108868 ], [ -58.460882473068956, -34.577937071552363 ], [ -58.460734291290002, -34.577640868460421 ], [ -58.460497488593965, -34.577409311567969 ], [ -58.460198040842144, -34.577267801302533 ], [ -58.459868795689552, -34.577231860506934 ], [ -58.457407795689548, -34.577373860506931 ], [ -58.457179062639014, -34.57741407113825 ], [ -58.451437062639016, -34.579130071138252 ], [ -58.451332298760974, -34.579167852336973 ], [ -58.444011898760976, -34.582278652336974 ], [ -58.443739620643733, -34.582450716745022 ], [ -58.443536162518299, -34.582700409205543 ], [ -58.443422631442637, -34.583001826239745 ], [ -58.443410805304659, -34.58332369838223 ], [ -58.443518395781844, -34.584179769638524 ], [ -58.437502041739378, -34.588162128260144 ], [ -58.437500454625862, -34.588163180980786 ], [ -58.429554808327744, -34.593444371313062 ], [ -58.423120888701042, -34.596756513141216 ], [ -58.415989475330882, -34.596860105488567 ], [ -58.415987558696706, -34.596860135167361 ], [ -58.404858558696702, -34.597043135167361 ], [ -58.404453172373657, -34.597136323953301 ], [ -58.401735173509451, -34.59840086271933 ], [ -58.39873176071216, -34.598757814286692 ], [ -58.392955009677557, -34.598642200213646 ], [ -58.392666851224078, -34.598678622486268 ], [ -58.392401314304458, -34.598796317093488 ], [ -58.392180800111433, -34.598985355097419 ], [ -58.392023911636088, -34.599229788897368 ], [ -58.391943884284551, -34.599508997599344 ], [ -58.39129988428455, -34.604307997599342 ], [ -58.391311448583217, -34.604642193990671 ], [ -58.391432547262646, -34.604953892676619 ], [ -58.391649638952117, -34.60520823921059 ], [ -58.391938448250301, -34.605376792318729 ], [ -58.392266680223933, -34.60544070423051 ], [ -58.405642780223936, -34.605766104230511 ], [ -58.405822812338599, -34.605754202443613 ], [ -58.409777651730408, -34.605130780934125 ], [ -58.413183414148534, -34.605142993570816 ], [ -58.413306329562673, -34.60513585470008 ], [ -58.420463429562673, -34.604275654700082 ], [ -58.420479826214695, -34.604273546382608 ], [ -58.432011726214697, -34.602693746382606 ], [ -58.432138458847831, -34.602667943186511 ], [ -58.439317658847827, -34.600715243186507 ], [ -58.43953806411745, -34.6006259952918 ], [ -58.439731166477955, -34.600487232371847 ], [ -58.451747466477954, -34.589465032371848 ], [ -58.45183588848333, -34.589372855958906 ], [ -58.460690788483333, -34.578874955958909 ] ] ] ] } },
{ "type": "Feature", "properties": { "id": null, "Name": "Zona de frontera", "descriptio": null, "timestamp": null, "begin": null, "end": null, "altitudeMo": null, "tessellate": -1, "extrude": 0, "visibility": -1, "drawOrder": null, "icon": null, "layer": "Zonas Flash — Zona de Frontera", "path": "C:/Users/User/Downloads/Zonas Flash.kml|layername=Zona de Frontera|geometrytype=Polygon25D|uniqueGeometryType=yes" }, "geometry": { "type": "MultiPolygon", "coordinates": [ [ [ [ -58.460690788483333, -34.578874955958909 ], [ -58.460859459435596, -34.57858992223958 ], [ -58.46092577926229, -34.578265429108868 ], [ -58.460882473068956, -34.577937071552363 ], [ -58.460734291290002, -34.577640868460421 ], [ -58.460497488593965, -34.577409311567969 ], [ -58.460198040842144, -34.577267801302533 ], [ -58.459868795689552, -34.577231860506934 ], [ -58.457407795689548, -34.577373860506931 ], [ -58.457179062639014, -34.57741407113825 ], [ -58.451437062639016, -34.579130071138252 ], [ -58.451332298760974, -34.579167852336973 ], [ -58.444011898760976, -34.582278652336974 ], [ -58.443739620643733, -34.582450716745022 ], [ -58.443536162518299, -34.582700409205543 ], [ -58.443422631442637, -34.583001826239745 ], [ -58.443410805304659, -34.58332369838223 ], [ -58.443518395781844, -34.584179769638524 ], [ -58.437502041739378, -34.588162128260144 ], [ -58.437500454625862, -34.588163180980786 ], [ -58.429554808327744, -34.593444371313062 ], [ -58.423120888701042, -34.596756513141216 ], [ -58.415989475330882, -34.596860105488567 ], [ -58.415987558696706, -34.596860135167361 ], [ -58.404858558696702, -34.597043135167361 ], [ -58.404453172373657, -34.597136323953301 ], [ -58.401735173509451, -34.59840086271933 ], [ -58.39873176071216, -34.598757814286692 ], [ -58.392955009677557, -34.598642200213646 ], [ -58.392666851224078, -34.598678622486268 ], [ -58.392401314304458, -34.598796317093488 ], [ -58.392180800111433, -34.598985355097419 ], [ -58.392023911636088, -34.599229788897368 ], [ -58.391943884284551, -34.599508997599344 ], [ -58.39129988428455, -34.604307997599342 ], [ -58.391311448583217, -34.604642193990671 ], [ -58.391432547262646, -34.604953892676619 ], [ -58.391649638952117, -34.60520823921059 ], [ -58.391938448250301, -34.605376792318729 ], [ -58.392266680223933, -34.60544070423051 ], [ -58.405642780223936, -34.605766104230511 ], [ -58.405822812338599, -34.605754202443613 ], [ -58.409777651730408, -34.605130780934125 ], [ -58.413183414148534, -34.605142993570816 ], [ -58.413306329562673, -34.60513585470008 ], [ -58.420463429562673, -34.604275654700082 ], [ -58.420479826214695, -34.604273546382608 ], [ -58.432011726214697, -34.602693746382606 ], [ -58.432138458847831, -34.602667943186511 ], [ -58.439317658847827, -34.600715243186507 ], [ -58.43953806411745, -34.6006259952918 ], [ -58.439731166477955, -34.600487232371847 ], [ -58.451747466477954, -34.589465032371848 ], [ -58.45183588848333, -34.589372855958906 ], [ -58.460690788483333, -34.578874955958909 ] ] ] ] } },
{ "type": "Feature", "properties": { "id": null, "Name": "Zona de frontera", "descriptio": null, "timestamp": null, "begin": null, "end": null, "altitudeMo": null, "tessellate": -1, "extrude": 0, "visibility": -1, "drawOrder": null, "icon": null, "layer": "Zonas Flash — Zona de Frontera", "path": "C:/Users/User/Downloads/Zonas Flash.kml|layername=Zona de Frontera|geometrytype=Polygon25D|uniqueGeometryType=yes" }, "geometry": { "type": "MultiPolygon", "coordinates": [ [ [ [ -58.460690788483333, -34.578874955958909 ], [ -58.460859459435596, -34.57858992223958 ], [ -58.46092577926229, -34.578265429108868 ], [ -58.460882473068956, -34.577937071552363 ], [ -58.460734291290002, -34.577640868460421 ], [ -58.460497488593965, -34.577409311567969 ], [ -58.460198040842144, -34.577267801302533 ], [ -58.459868795689552, -34.577231860506934 ], [ -58.457407795689548, -34.577373860506931 ], [ -58.457179062639014, -34.57741407113825 ], [ -58.451437062639016, -34.579130071138252 ], [ -58.451332298760974, -34.579167852336973 ], [ -58.444011898760976, -34.582278652336974 ], [ -58.443739620643733, -34.582450716745022 ], [ -58.443536162518299, -34.582700409205543 ], [ -58.443422631442637, -34.583001826239745 ], [ -58.443410805304659, -34.58332369838223 ], [ -58.443518395781844, -34.584179769638524 ], [ -58.437502041739378, -34.588162128260144 ], [ -58.437500454625862, -34.588163180980786 ], [ -58.429554808327744, -34.593444371313062 ], [ -58.423120888701042, -34.596756513141216 ], [ -58.415989475330882, -34.596860105488567 ], [ -58.415987558696706, -34.596860135167361 ], [ -58.404858558696702, -34.597043135167361 ], [ -58.404453172373657, -34.597136323953301 ], [ -58.401735173509451, -34.59840086271933 ], [ -58.39873176071216, -34.598757814286692 ], [ -58.392955009677557, -34.598642200213646 ], [ -58.392666851224078, -34.598678622486268 ], [ -58.392401314304458, -34.598796317093488 ], [ -58.392180800111433, -34.598985355097419 ], [ -58.392023911636088, -34.599229788897368 ], [ -58.391943884284551, -34.599508997599344 ], [ -58.39129988428455, -34.604307997599342 ], [ -58.391311448583217, -34.604642193990671 ], [ -58.391432547262646, -34.604953892676619 ], [ -58.391649638952117, -34.60520823921059 ], [ -58.391938448250301, -34.605376792318729 ], [ -58.392266680223933, -34.60544070423051 ], [ -58.405642780223936, -34.605766104230511 ], [ -58.405822812338599, -34.605754202443613 ], [ -58.409777651730408, -34.605130780934125 ], [ -58.413183414148534, -34.605142993570816 ], [ -58.413306329562673, -34.60513585470008 ], [ -58.420463429562673, -34.604275654700082 ], [ -58.420479826214695, -34.604273546382608 ], [ -58.432011726214697, -34.602693746382606 ], [ -58.432138458847831, -34.602667943186511 ], [ -58.439317658847827, -34.600715243186507 ], [ -58.43953806411745, -34.6006259952918 ], [ -58.439731166477955, -34.600487232371847 ], [ -58.451747466477954, -34.589465032371848 ], [ -58.45183588848333, -34.589372855958906 ], [ -58.460690788483333, -34.578874955958909 ] ] ] ] } },
{ "type": "Feature", "properties": { "id": null, "Name": "Zona de frontera", "descriptio": null, "timestamp": null, "begin": null, "end": null, "altitudeMo": null, "tessellate": -1, "extrude": 0, "visibility": -1, "drawOrder": null, "icon": null, "layer": "Zonas Flash — Zona de Frontera", "path": "C:/Users/User/Downloads/Zonas Flash.kml|layername=Zona de Frontera|geometrytype=Polygon25D|uniqueGeometryType=yes" }, "geometry": { "type": "MultiPolygon", "coordinates": [ [ [ [ -58.460690788483333, -34.578874955958909 ], [ -58.460859459435596, -34.57858992223958 ], [ -58.46092577926229, -34.578265429108868 ], [ -58.460882473068956, -34.577937071552363 ], [ -58.460734291290002, -34.577640868460421 ], [ -58.460497488593965, -34.577409311567969 ], [ -58.460198040842144, -34.577267801302533 ], [ -58.459868795689552, -34.577231860506934 ], [ -58.457407795689548, -34.577373860506931 ], [ -58.457179062639014, -34.57741407113825 ], [ -58.451437062639016, -34.579130071138252 ], [ -58.451332298760974, -34.579167852336973 ], [ -58.444011898760976, -34.582278652336974 ], [ -58.443739620643733, -34.582450716745022 ], [ -58.443536162518299, -34.582700409205543 ], [ -58.443422631442637, -34.583001826239745 ], [ -58.443410805304659, -34.58332369838223 ], [ -58.443518395781844, -34.584179769638524 ], [ -58.437502041739378, -34.588162128260144 ], [ -58.437500454625862, -34.588163180980786 ], [ -58.429554808327744, -34.593444371313062 ], [ -58.423120888701042, -34.596756513141216 ], [ -58.415989475330882, -34.596860105488567 ], [ -58.415987558696706, -34.596860135167361 ], [ -58.404858558696702, -34.597043135167361 ], [ -58.404453172373657, -34.597136323953301 ], [ -58.401735173509451, -34.59840086271933 ], [ -58.39873176071216, -34.598757814286692 ], [ -58.392955009677557, -34.598642200213646 ], [ -58.392666851224078, -34.598678622486268 ], [ -58.392401314304458, -34.598796317093488 ], [ -58.392180800111433, -34.598985355097419 ], [ -58.392023911636088, -34.599229788897368 ], [ -58.391943884284551, -34.599508997599344 ], [ -58.39129988428455, -34.604307997599342 ], [ -58.391311448583217, -34.604642193990671 ], [ -58.391432547262646, -34.604953892676619 ], [ -58.391649638952117, -34.60520823921059 ], [ -58.391938448250301, -34.605376792318729 ], [ -58.392266680223933, -34.60544070423051 ], [ -58.405642780223936, -34.605766104230511 ], [ -58.405822812338599, -34.605754202443613 ], [ -58.409777651730408, -34.605130780934125 ], [ -58.413183414148534, -34.605142993570816 ], [ -58.413306329562673, -34.60513585470008 ], [ -58.420463429562673, -34.604275654700082 ], [ -58.420479826214695, -34.604273546382608 ], [ -58.432011726214697, -34.602693746382606 ], [ -58.432138458847831, -34.602667943186511 ], [ -58.439317658847827, -34.600715243186507 ], [ -58.43953806411745, -34.6006259952918 ], [ -58.439731166477955, -34.600487232371847 ], [ -58.451747466477954, -34.589465032371848 ], [ -58.45183588848333, -34.589372855958906 ], [ -58.460690788483333, -34.578874955958909 ] ] ] ] } },
{ "type": "Feature", "properties": { "id": null, "Name": "Zona de frontera", "descriptio": null, "timestamp": null, "begin": null, "end": null, "altitudeMo": null, "tessellate": -1, "extrude": 0, "visibility": -1, "drawOrder": null, "icon": null, "layer": "Zonas Flash — Zona de Frontera", "path": "C:/Users/User/Downloads/Zonas Flash.kml|layername=Zona de Frontera|geometrytype=Polygon25D|uniqueGeometryType=yes" }, "geometry": { "type": "MultiPolygon", "coordinates": [ [ [ [ -58.460690788483333, -34.578874955958909 ], [ -58.460859459435596, -34.57858992223958 ], [ -58.46092577926229, -34.578265429108868 ], [ -58.460882473068956, -34.577937071552363 ], [ -58.460734291290002, -34.577640868460421 ], [ -58.460497488593965, -34.577409311567969 ], [ -58.460198040842144, -34.577267801302533 ], [ -58.459868795689552, -34.577231860506934 ], [ -58.457407795689548, -34.577373860506931 ], [ -58.457179062639014, -34.57741407113825 ], [ -58.451437062639016, -34.579130071138252 ], [ -58.451332298760974, -34.579167852336973 ], [ -58.444011898760976, -34.582278652336974 ], [ -58.443739620643733, -34.582450716745022 ], [ -58.443536162518299, -34.582700409205543 ], [ -58.443422631442637, -34.583001826239745 ], [ -58.443410805304659, -34.58332369838223 ], [ -58.443518395781844, -34.584179769638524 ], [ -58.437502041739378, -34.588162128260144 ], [ -58.437500454625862, -34.588163180980786 ], [ -58.429554808327744, -34.593444371313062 ], [ -58.423120888701042, -34.596756513141216 ], [ -58.415989475330882, -34.596860105488567 ], [ -58.415987558696706, -34.596860135167361 ], [ -58.404858558696702, -34.597043135167361 ], [ -58.404453172373657, -34.597136323953301 ], [ -58.401735173509451, -34.59840086271933 ], [ -58.39873176071216, -34.598757814286692 ], [ -58.392955009677557, -34.598642200213646 ], [ -58.392666851224078, -34.598678622486268 ], [ -58.392401314304458, -34.598796317093488 ], [ -58.392180800111433, -34.598985355097419 ], [ -58.392023911636088, -34.599229788897368 ], [ -58.391943884284551, -34.599508997599344 ], [ -58.39129988428455, -34.604307997599342 ], [ -58.391311448583217, -34.604642193990671 ], [ -58.391432547262646, -34.604953892676619 ], [ -58.391649638952117, -34.60520823921059 ], [ -58.391938448250301, -34.605376792318729 ], [ -58.392266680223933, -34.60544070423051 ], [ -58.405642780223936, -34.605766104230511 ], [ -58.405822812338599, -34.605754202443613 ], [ -58.409777651730408, -34.605130780934125 ], [ -58.413183414148534, -34.605142993570816 ], [ -58.413306329562673, -34.60513585470008 ], [ -58.420463429562673, -34.604275654700082 ], [ -58.420479826214695, -34.604273546382608 ], [ -58.432011726214697, -34.602693746382606 ], [ -58.432138458847831, -34.602667943186511 ], [ -58.439317658847827, -34.600715243186507 ], [ -58.43953806411745, -34.6006259952918 ], [ -58.439731166477955, -34.600487232371847 ], [ -58.451747466477954, -34.589465032371848 ], [ -58.45183588848333, -34.589372855958906 ], [ -58.460690788483333, -34.578874955958909 ] ] ] ] } },
{ "type": "Feature", "properties": { "id": null, "Name": "Zona de frontera", "descriptio": null, "timestamp": null, "begin": null, "end": null, "altitudeMo": null, "tessellate": -1, "extrude": 0, "visibility": -1, "drawOrder": null, "icon": null, "layer": "Zonas Flash — Zona de Frontera", "path": "C:/Users/User/Downloads/Zonas Flash.kml|layername=Zona de Frontera|geometrytype=Polygon25D|uniqueGeometryType=yes" }, "geometry": { "type": "MultiPolygon", "coordinates": [ [ [ [ -58.460690788483333, -34.578874955958909 ], [ -58.460859459435596, -34.57858992223958 ], [ -58.46092577926229, -34.578265429108868 ], [ -58.460882473068956, -34.577937071552363 ], [ -58.460734291290002, -34.577640868460421 ], [ -58.460497488593965, -34.577409311567969 ], [ -58.460198040842144, -34.577267801302533 ], [ -58.459868795689552, -34.577231860506934 ], [ -58.457407795689548, -34.577373860506931 ], [ -58.457179062639014, -34.57741407113825 ], [ -58.451437062639016, -34.579130071138252 ], [ -58.451332298760974, -34.579167852336973 ], [ -58.444011898760976, -34.582278652336974 ], [ -58.443739620643733, -34.582450716745022 ], [ -58.443536162518299, -34.582700409205543 ], [ -58.443422631442637, -34.583001826239745 ], [ -58.443410805304659, -34.58332369838223 ], [ -58.443518395781844, -34.584179769638524 ], [ -58.437502041739378, -34.588162128260144 ], [ -58.437500454625862, -34.588163180980786 ], [ -58.429554808327744, -34.593444371313062 ], [ -58.423120888701042, -34.596756513141216 ], [ -58.415989475330882, -34.596860105488567 ], [ -58.415987558696706, -34.596860135167361 ], [ -58.404858558696702, -34.597043135167361 ], [ -58.404453172373657, -34.597136323953301 ], [ -58.401735173509451, -34.59840086271933 ], [ -58.39873176071216, -34.598757814286692 ], [ -58.392955009677557, -34.598642200213646 ], [ -58.392666851224078, -34.598678622486268 ], [ -58.392401314304458, -34.598796317093488 ], [ -58.392180800111433, -34.598985355097419 ], [ -58.392023911636088, -34.599229788897368 ], [ -58.391943884284551, -34.599508997599344 ], [ -58.39129988428455, -34.604307997599342 ], [ -58.391311448583217, -34.604642193990671 ], [ -58.391432547262646, -34.604953892676619 ], [ -58.391649638952117, -34.60520823921059 ], [ -58.391938448250301, -34.605376792318729 ], [ -58.392266680223933, -34.60544070423051 ], [ -58.405642780223936, -34.605766104230511 ], [ -58.405822812338599, -34.605754202443613 ], [ -58.409777651730408, -34.605130780934125 ], [ -58.413183414148534, -34.605142993570816 ], [ -58.413306329562673, -34.60513585470008 ], [ -58.420463429562673, -34.604275654700082 ], [ -58.420479826214695, -34.604273546382608 ], [ -58.432011726214697, -34.602693746382606 ], [ -58.432138458847831, -34.602667943186511 ], [ -58.439317658847827, -34.600715243186507 ], [ -58.43953806411745, -34.6006259952918 ], [ -58.439731166477955, -34.600487232371847 ], [ -58.451747466477954, -34.589465032371848 ], [ -58.45183588848333, -34.589372855958906 ], [ -58.460690788483333, -34.578874955958909 ] ] ] ] } },
{ "type": "Feature", "properties": { "id": null, "Name": "Zona de frontera", "descriptio": null, "timestamp": null, "begin": null, "end": null, "altitudeMo": null, "tessellate": -1, "extrude": 0, "visibility": -1, "drawOrder": null, "icon": null, "layer": "Zonas Flash — Zona de Frontera", "path": "C:/Users/User/Downloads/Zonas Flash.kml|layername=Zona de Frontera|geometrytype=Polygon25D|uniqueGeometryType=yes" }, "geometry": { "type": "MultiPolygon", "coordinates": [ [ [ [ -58.460690788483333, -34.578874955958909 ], [ -58.460859459435596, -34.57858992223958 ], [ -58.46092577926229, -34.578265429108868 ], [ -58.460882473068956, -34.577937071552363 ], [ -58.460734291290002, -34.577640868460421 ], [ -58.460497488593965, -34.577409311567969 ], [ -58.460198040842144, -34.577267801302533 ], [ -58.459868795689552, -34.577231860506934 ], [ -58.457407795689548, -34.577373860506931 ], [ -58.457179062639014, -34.57741407113825 ], [ -58.451437062639016, -34.579130071138252 ], [ -58.451332298760974, -34.579167852336973 ], [ -58.444011898760976, -34.582278652336974 ], [ -58.443739620643733, -34.582450716745022 ], [ -58.443536162518299, -34.582700409205543 ], [ -58.443422631442637, -34.583001826239745 ], [ -58.443410805304659, -34.58332369838223 ], [ -58.443518395781844, -34.584179769638524 ], [ -58.437502041739378, -34.588162128260144 ], [ -58.437500454625862, -34.588163180980786 ], [ -58.429554808327744, -34.593444371313062 ], [ -58.423120888701042, -34.596756513141216 ], [ -58.415989475330882, -34.596860105488567 ], [ -58.415987558696706, -34.596860135167361 ], [ -58.404858558696702, -34.597043135167361 ], [ -58.404453172373657, -34.597136323953301 ], [ -58.401735173509451, -34.59840086271933 ], [ -58.39873176071216, -34.598757814286692 ], [ -58.392955009677557, -34.598642200213646 ], [ -58.392666851224078, -34.598678622486268 ], [ -58.392401314304458, -34.598796317093488 ], [ -58.392180800111433, -34.598985355097419 ], [ -58.392023911636088, -34.599229788897368 ], [ -58.391943884284551, -34.599508997599344 ], [ -58.39129988428455, -34.604307997599342 ], [ -58.391311448583217, -34.604642193990671 ], [ -58.391432547262646, -34.604953892676619 ], [ -58.391649638952117, -34.60520823921059 ], [ -58.391938448250301, -34.605376792318729 ], [ -58.392266680223933, -34.60544070423051 ], [ -58.405642780223936, -34.605766104230511 ], [ -58.405822812338599, -34.605754202443613 ], [ -58.409777651730408, -34.605130780934125 ], [ -58.413183414148534, -34.605142993570816 ], [ -58.413306329562673, -34.60513585470008 ], [ -58.420463429562673, -34.604275654700082 ], [ -58.420479826214695, -34.604273546382608 ], [ -58.432011726214697, -34.602693746382606 ], [ -58.432138458847831, -34.602667943186511 ], [ -58.439317658847827, -34.600715243186507 ], [ -58.43953806411745, -34.6006259952918 ], [ -58.439731166477955, -34.600487232371847 ], [ -58.451747466477954, -34.589465032371848 ], [ -58.45183588848333, -34.589372855958906 ], [ -58.460690788483333, -34.578874955958909 ] ] ] ] } },
{ "type": "Feature", "properties": { "id": null, "Name": "Zona de frontera", "descriptio": null, "timestamp": null, "begin": null, "end": null, "altitudeMo": null, "tessellate": -1, "extrude": 0, "visibility": -1, "drawOrder": null, "icon": null, "layer": "Zonas Flash — Zona de Frontera", "path": "C:/Users/User/Downloads/Zonas Flash.kml|layername=Zona de Frontera|geometrytype=Polygon25D|uniqueGeometryType=yes" }, "geometry": { "type": "MultiPolygon", "coordinates": [ [ [ [ -58.460690788483333, -34.578874955958909 ], [ -58.460859459435596, -34.57858992223958 ], [ -58.46092577926229, -34.578265429108868 ], [ -58.460882473068956, -34.577937071552363 ], [ -58.460734291290002, -34.577640868460421 ], [ -58.460497488593965, -34.577409311567969 ], [ -58.460198040842144, -34.577267801302533 ], [ -58.459868795689552, -34.577231860506934 ], [ -58.457407795689548, -34.577373860506931 ], [ -58.457179062639014, -34.57741407113825 ], [ -58.451437062639016, -34.579130071138252 ], [ -58.451332298760974, -34.579167852336973 ], [ -58.444011898760976, -34.582278652336974 ], [ -58.443739620643733, -34.582450716745022 ], [ -58.443536162518299, -34.582700409205543 ], [ -58.443422631442637, -34.583001826239745 ], [ -58.443410805304659, -34.58332369838223 ], [ -58.443518395781844, -34.584179769638524 ], [ -58.437502041739378, -34.588162128260144 ], [ -58.437500454625862, -34.588163180980786 ], [ -58.429554808327744, -34.593444371313062 ], [ -58.423120888701042, -34.596756513141216 ], [ -58.415989475330882, -34.596860105488567 ], [ -58.415987558696706, -34.596860135167361 ], [ -58.404858558696702, -34.597043135167361 ], [ -58.404453172373657, -34.597136323953301 ], [ -58.401735173509451, -34.59840086271933 ], [ -58.39873176071216, -34.598757814286692 ], [ -58.392955009677557, -34.598642200213646 ], [ -58.392666851224078, -34.598678622486268 ], [ -58.392401314304458, -34.598796317093488 ], [ -58.392180800111433, -34.598985355097419 ], [ -58.392023911636088, -34.599229788897368 ], [ -58.391943884284551, -34.599508997599344 ], [ -58.39129988428455, -34.604307997599342 ], [ -58.391311448583217, -34.604642193990671 ], [ -58.391432547262646, -34.604953892676619 ], [ -58.391649638952117, -34.60520823921059 ], [ -58.391938448250301, -34.605376792318729 ], [ -58.392266680223933, -34.60544070423051 ], [ -58.405642780223936, -34.605766104230511 ], [ -58.405822812338599, -34.605754202443613 ], [ -58.409777651730408, -34.605130780934125 ], [ -58.413183414148534, -34.605142993570816 ], [ -58.413306329562673, -34.60513585470008 ], [ -58.420463429562673, -34.604275654700082 ], [ -58.420479826214695, -34.604273546382608 ], [ -58.432011726214697, -34.602693746382606 ], [ -58.432138458847831, -34.602667943186511 ], [ -58.439317658847827, -34.600715243186507 ], [ -58.43953806411745, -34.6006259952918 ], [ -58.439731166477955, -34.600487232371847 ], [ -58.451747466477954, -34.589465032371848 ], [ -58.45183588848333, -34.589372855958906 ], [ -58.460690788483333, -34.578874955958909 ] ] ] ] } }
]
}
